5A8;Aleknagik
AF-0005;Khost
AGGH;Honiara
AGGM;Munda
AHJ;Aba
ANYN;Yaren District
AQ-0005;Amundsen-Scott South Pole Station
AQBC;Zucchelli Station
AT03;Concordia Station
AT28;Vostok Station
AXF;Bayanhot
AYBK;Buka Island
AYCH;Kundiawa
AYDU;Daru
AYGA;Goronka
AYGN;Gurney
AYGR;Popondetta
AYHK;Kimbe
AYKM;Kerema
AYKV;Kavieng
AYMD;Madang
AYMH;Mount Hagen
AYMN;Mendi
AYMO;Manus Island
AYNZ;Lae
AYPY;Port Moresby
AYTK;Kokopo
AYVN;Vanimo
AYWD;Wapenamanda
AYWK;Wewak
AZ-0001;Baku
AZ-0013;Sitalchay
AZ-0021;Qizilagach
BCW;Benguera Island
BG-JAM;Yambol
BGAA;Aasiaat
BGBW;Narsarsuaq
BGGH;Nuuk
BGKK;Kulusuk
BGSF;Kangerlussuaq
BGSS;Sisimiut
BGTL;Thule
BIAR;Akureyri
BIEG;Egilsstaðir
BIHN;Höfn
BIHU;Húsavík
BIIS;Ísafjörður
BIKF;Reykjavík
BIRK;Reykjavik
BISI;Siglufjörður
BIVM;Vestmannaeyjar
BKPR;Prishtina
BR-0569;Vitória da Conquista
BY-0001;Orsha
BY-0003;Kalinovichi
BY-0006;Byaroza
BZ-BGK;Big Creek
BZ-CUK;Caye Caulker
BZ-CYC;Caye Chapel
BZ-CZH;Corozal
BZ-DGA;Dangriga
BZ-PLJ;Placencia
BZ-PND;Punta Gorda
BZ-SJX;Sartaneja
BZ-SPR;San Pedro
BZ-TZA;Belize City
BZB;Bazaruto Island
CD-0024;Boma
CN-0006;Beijing
CN-0007;Beijing
CN-0012;Yuanmou
CN-0014;Hohhot
CN-0015;Shuozhou
CN-0016;Beijing
CN-0018;Jinghai
CN-0020;Lüliang
CN-0022;Yongning
CN-0024;Zhangjiakou
CN-0026;Chengdu
CN-0027;Baoshan
CN-0030;Chongqing
CN-0040;Lincang
CN-0041;Qujing (Luliang)
CN-0046;Xigazê
CN-0049;Xiangyun
CN-0050;Panzhihua
CN-0053;Ningming
CN-0055;Changsha
CN-0056;Yichang
CN-0057;Ledong Li Autonomous County (Da'anzhen)
CN-0061;Foshan (Nanhai)
CN-0063;Guiping (Guigang)
CN-0067;Xinyang
CN-0068;Huizhou (Pingtan)
CN-0069;Lingao
CN-0072;Lingshui Li Autonomous County
CN-0074;Shangqiu
CN-0076;Zhengzhou
CN-0079;Ruyuan Yao Autonomous County (Shaoguan)
CN-0080;Zhanjiang (Suixi)
CN-0081;Ji'an
CN-0082;Baise (Tianyang)
CN-0085;Xiaogan
CN-0090;Cangzhou
CN-0091;Dongying
CN-0094;Hengshui
CN-0095;Kaifeng
CN-0096;Yantai
CN-0097;Lushan
CN-0106;Xuzhou
CN-0111;Weifang
CN-0113;Altay
CN-0114;Baoji
CN-0123;Lanzhou
CN-0125;Dingxi
CN-0127;Jiuquan
CN-0130;Tianshui
CN-0132;Ürümqi
CN-0135;Ashilixiang
CN-0137;Xi'an
CN-0138;Ganzhou
CN-0146;Zhoushan
CN-0147;Hefei
CN-0149;Fuzhou
CN-0153;Hangzhou
CN-0154;Hangzhou
CN-0158;Fuzhou (Fuqing)
CN-0163;Nanchang
CN-0165;Ningbo
CN-0169;Shanghai (Baoshan)
CN-0182;Yichun
CN-0185;Changchun
CN-0188;Beijing
CN-0189;Dandong
CN-0191;Fuxin
CN-0192;Siping
CN-0197;Tieling
CN-0198;Harbin
CN-0206;Shenyang
CN-0208;Siping
CN-0209;Huludao
CN-0210;Dalian
CY-0002;Geçitkale
CYAC;Cat Lake
CYAG;Fort Frances
CYAH;La Grande-4
CYAL;Alert Bay
CYAM;Sault Ste Marie
CYAQ;Kasabonika
CYAS;Kangirsuk
CYAT;Attawapiskat
CYAU;Liverpool
CYAV;Saint Andrews
CYAX;Lac Du Bonnet
CYAY;St. Anthony
CYAZ;Tofino
CYBB;Kugaaruk
CYBC;Baie-Comeau
CYBD;Bella Coola
CYBE;Uranium City
CYBF;Bonnyville
CYBG;Bagotville
CYBK;Baker Lake
CYBL;Campbell River
CYBQ;Tadoule Lake
CYBR;Brandon
CYBT;Brochet
CYBU;Nipawin
CYBV;Berens River
CYBW;Calgary
CYBX;Lourdes-de-Blanc-Sablon
CYCA;Cartwright
CYCB;Cambridge Bay
CYCC;Cornwall
CYCD;Nanaimo
CYCE;Centralia
CYCG;Castlegar
CYCH;Miramichi
CYCL;Charlo
CYCN;Cochrane
CYCO;Kugluktuk
CYCP;Blue River
CYCQ;Chetwynd
CYCR;Cross Lake
CYCS;Chesterfield Inlet
CYCY;Clyde River
CYDA;Dawson City
CYDB;Burwash
CYDC;Town of Princeton
CYDF;Deer Lake
CYDM;Ross River
CYDN;Dauphin
CYDO;Dolbeau-St-Félicien
CYDP;Nain
CYDQ;Dawson Creek
CYEE;Midland
CYEG;Edmonton
CYEK;Arviat
CYEL;Elliot Lake
CYEM;Sheguiandah
CYEN;Estevan
CYER;Fort Severn
CYET;Edson
CYEV;Inuvik
CYEY;Amos
CYFA;Fort Albany
CYFB;Iqaluit
CYFC;Fredericton
CYFE;Forestville
CYFH;Fort Hope
CYFJ;La Macaza
CYFO;Flin Flon
CYFR;Fort Resolution
CYFS;Fort Simpson
CYFT;Makkovik
CYGB;Texada
CYGD;Goderich
CYGE;Golden
CYGH;Fort Good Hope
CYGK;Kingston
CYGL;La Grande Rivière
CYGM;Gimli
CYGO;Gods Lake Narrows
CYGP;Gaspé
CYGQ;Geraldton
CYGR;Îles-de-la-Madeleine
CYGT;Igloolik
CYGV;Havre-Saint-Pierre
CYGW;Kuujjuarapik
CYGX;Gillam
CYGZ;Grise Fiord
CYHA;Quaqtaq
CYHD;Dryden
CYHE;Hope
CYHF;Hearst
CYHH;Nemiscau
CYHI;Ulukhaktok
CYHK;Gjoa Haven
CYHM;Hamilton
CYHN;Hornepayne
CYHO;Hopedale
CYHR;Chevery
CYHT;Haines Junction
CYHU;Montréal
CYHY;Hay River
CYHZ;Halifax
CYIB;Atikokan
CYID;Digby
CYIF;St-Augustin
CYIK;Ivujivik
CYIO;Pond Inlet
CYIV;Island Lake
CYJF;Fort Liard
CYJN;St Jean
CYJT;Stephenville
CYKA;Kamloops
CYKD;Aklavik
CYKF;Kitchener
CYKG;Kangiqsujuaq
CYKJ;Key Lake
CYKL;Schefferville
CYKO;Akulivik
CYKQ;Waskaganish
CYKX;Kirkland Lake
CYKY;Kindersley
CYKZ;Toronto
CYLA;Aupaluk
CYLC;Kimmirut
CYLD;Chapleau
CYLH;Lansdowne House
CYLJ;Meadow Lake
CYLK;Lutselk'e
CYLL;Lloydminster
CYLR;Leaf Rapids
CYLT;Alert
CYLU;Kangiqsualujjuaq
CYLW;Kelowna
CYMA;Mayo
CYME;Matane
CYMG;Manitouwadge
CYMH;Mary's Harbour
CYMJ;Moose Jaw
CYML;Charlevoix
CYMM;Fort McMurray
CYMO;Moosonee
CYMT;Chibougamau
CYMU;Umiujaq
CYMX;Montréal
CYNA;Natashquan
CYNC;Wemindji
CYND;Gatineau
CYNE;Norway House
CYNL;Points North Landing
CYNM;Matagami
CYNN;Nejanilini Lake
CYOA;Ekati
CYOC;Old Crow
CYOD;Cold Lake
CYOH;Oxford House
CYOJ;High Level
CYOO;Oshawa
CYOP;Rainbow Lake
CYOS;Owen Sound
CYOW;Ottawa
CYPA;Prince Albert
CYPC;Paulatuk
CYPD;Port Hawkesbury
CYPE;Peace River
CYPG;Portage la Prairie
CYPH;Inukjuak
CYPL;Pickle Lake
CYPM;Pikangikum
CYPN;Port-Menier
CYPO;Peawanuck
CYPQ;Peterborough
CYPR;Prince Rupert
CYPW;Powell River
CYPX;Puvirnituq
CYPY;Fort Chipewyan
CYQA;Muskoka
CYQB;Quebec
CYQD;The Pas
CYQF;Red Deer
CYQG;Windsor
CYQH;Watson Lake
CYQI;Yarmouth
CYQK;Kenora
CYQL;Lethbridge
CYQM;Moncton
CYQN;Nakina
CYQQ;Comox
CYQR;Regina
CYQS;St Thomas
CYQT;Thunder Bay
CYQU;Grande Prairie
CYQV;Yorkton
CYQW;North Battleford
CYQX;Gander
CYQY;Sydney
CYQZ;Quesnel
CYRA;Gamètì
CYRB;Resolute Bay
CYRI;Rivière-du-Loup
CYRJ;Roberval
CYRL;Red Lake
CYRO;Ottawa
CYRP;Ottawa
CYRQ;Trois-Rivières
CYRS;Red Sucker Lake
CYRT;Rankin Inlet
CYRV;Revelstoke
CYSB;Sudbury
CYSC;Sherbrooke
CYSF;Stony Rapids
CYSG;St Georges
CYSH;Smiths Falls
CYSJ;Saint John
CYSK;Sanikiluaq
CYSL;St Leonard
CYSM;Fort Smith
CYSN;St Catharines
CYSP;Marathon
CYST;St. Theresa Point
CYSU;Slemon Park
CYSY;Sachs Harbour
CYTA;Pembroke
CYTE;Kinngait
CYTF;Alma
CYTH;Thompson
CYTL;Big Trout Lake
CYTQ;Tasiujaq
CYTR;Trenton
CYTS;Timmins
CYTZ;Toronto
CYUB;Tuktoyaktuk
CYUL;Montréal
CYUT;Repulse Bay
CYUX;Sanirajak
CYUY;Rouyn-Noranda
CYVB;Bonaventure
CYVC;La Ronge
CYVD;Virden
CYVK;Vernon
CYVM;Qikiqtarjuaq
CYVO;Val-d'Or
CYVP;Kuujjuaq
CYVQ;Norman Wells
CYVR;Vancouver
CYVV;Wiarton
CYVZ;Deer Lake
CYWA;Petawawa
CYWG;Winnipeg
CYWJ;Déline
CYWK;Wabush
CYWL;Williams Lake
CYWP;Webequie
CYWY;Wrigley
CYXC;Cranbrook
CYXE;Saskatoon
CYXH;Medicine Hat
CYXJ;Fort St.John
CYXK;Rimouski
CYXL;Sioux Lookout
CYXN;Whale Cove
CYXP;Pangnirtung
CYXQ;Beaver Creek
CYXR;Earlton
CYXS;Prince George
CYXT;Terrace
CYXU;London
CYXX;Abbotsford
CYXY;Whitehorse
CYXZ;Wawa
CYYB;North Bay
CYYC;Calgary
CYYD;Smithers
CYYE;Fort Nelson
CYYF;Penticton
CYYG;Charlottetown
CYYH;Taloyoak
CYYJ;Victoria
CYYL;Lynn Lake
CYYN;Swift Current
CYYQ;Churchill
CYYR;Goose Bay
CYYT;St. John's
CYYU;Kapuskasing
CYYW;Armstrong
CYYY;Mont-Joli
CYYZ;Toronto
CYZD;Toronto
CYZE;Gore Bay
CYZF;Yellowknife
CYZG;Salluit
CYZH;Slave Lake
CYZP;Sandspit
CYZR;Sarnia
CYZS;Coral Harbour
CYZT;Port Hardy
CYZU;Whitecourt
CYZV;Sept-Îles
CYZW;Teslin
CYZX;Greenwood
CYZY;Mackenzie
CZAC;York Landing
CZAM;Salmon Arm
CZBB;Vancouver
CZBD;Ilford
CZBF;Bathurst
CZBM;Bromont
CZEE;Kelsey
CZEM;Eastmain River
CZFA;Faro
CZFD;Fond-Du-Lac
CZFG;Pukatawagan
CZFM;Fort Mcpherson
CZFN;Tulita
CZGF;Grand Forks
CZGI;Gods River
CZGR;Little Grand Rapids
CZJG;Jenpeg
CZJN;Swan River
CZKE;Kashechewan
CZLQ;Thicket Portage
CZMD;Muskrat Dam
CZMN;Pikwitonei
CZMT;Masset
CZNG;Poplar River
CZPB;Sachigo Lake
CZPC;Pincher Creek
CZRJ;Round Lake
CZSJ;Sandy Lake
CZSN;South Indian Lake
CZST;Stewart
CZTM;Shamattawa
CZUC;Ignace
CZWH;Lac Brochet
CZWL;Wollaston Lake
DAAB;Blida
DAAD;Ouled Sidi Brahim
DAAE;Béjaïa
DAAG;Algiers
DAAJ;Djanet
DAAK;Guerrouaou
DAAP;Illizi
DAAS;Sétif
DAAT;Tamanrasset
DAAV;Jijel
DAAY;Mecheria
DAAZ;Relizane
DABB;Annaba
DABC;Constantine
DABS;Tébessi
DABT;Batna
DAFH;Hassi R'Mel
DAOB;Tiaret
DAOF;Tindouf
DAOI;Chlef
DAOL;Tafraoui
DAON;Tlemcen
DAOO;Oran
DAOR;Béchar
DAOV;Ghriss
DAUA;Adrar
DAUB;Biskra
DAUE;El Menia
DAUG;Ghardaïa
DAUH;Hassi Messaoud
DAUI;In Salah
DAUK;Touggourt
DAUL;Laghouat
DAUO;Guemar
DAUT;Timimoun
DAUU;Ouargla
DAUZ;In Aménas
DBBB;Cotonou
DBC;Baicheng
DFFD;Ouagadougou
DFOO;Bobo Dioulasso
DGAA;Accra
DGLE;Tamale
DGSI;Kumasi
DGSN;Sunyani
DGTK;Sekondi-Takoradi
DIAP;Abidjan
DIBK;Bouaké
DIKO;Korhogo
DIYO;Yamoussoukro
DNAA;Abuja
DNAI;Uyo
DNAK;Akure
DNAS;Asaba
DNBC;Bauchi
DNBE;Benin
DNCA;Calabar
DNEN;Enegu
DNGU;Gusau
DNIB;Ibadan
DNIL;Ilorin
DNIM;Owerri
DNJO;Jos
DNKA;Kaduna
DNKN;Kano
DNMA;Maiduguri
DNMK;Makurdi
DNMM;Lagos
DNMN;Minna
DNPO;Port Harcourt
DNSO;Sokoto
DNYO;Yola
DNZA;Zaria
DRRM;Maradi
DRRN;Niamey
DRRT;Tahoua
DRZA;Agadez
DRZR;Zinder
DTKA;Tabarka
DTMB;Monastir
DTTA;Tunis
DTTB;Sidi Ahmed
DTTD;Remada
DTTF;Gafsa
DTTG;Gabès
DTTJ;Djerba
DTTR;El Borma
DTTX;Sfax
DTTZ;Tozeur
DXNG;Niamtougou
DXXX;Lomé
EBAW;Antwerp
EBBE;Beauvechain
EBBL;Kleine Brogel
EBBR;Brussels
EBCI;Brussels
EBCV;Chièvres
EBFN;Koksijde
EBFS;Florennes
EBKT;Wevelgem
EBLG;Liège
EBOS;Ostend
EDAC;Altenburg
EDAH;Heringsdorf
EDBM;Magdeburg
EDBN;Neubrandenburg
EDBR;Rothenburg/Oberlausitz
EDDB;Berlin
EDDC;Dresden
EDDE;Erfurt
EDDF;Frankfurt am Main
EDDG;Münster
EDDH;Hamburg
EDDK;Cologne
EDDL;Düsseldorf
EDDM;Munich
EDDN;Nuremberg
EDDP;Leipzig
EDDR;Saarbrücken
EDDS;Stuttgart
EDDV;Hannover
EDDW;Bremen
EDFE;Frankfurt am Main
EDFH;Frankfurt am Main
EDFM;Mannheim
EDFZ;Mainz
EDGE;Eisenach
EDHI;Hamburg
EDHK;Kiel
EDHL;Lübeck
EDJA;Memmingen
EDLN;Mönchengladbach
EDLP;Paderborn
EDLV;Weeze
EDLW;Dortmund
EDMA;Augsburg
EDMO;Weßling
EDNY;Friedrichshafen
EDQA;Bamberg
EDQD;Bayreuth
EDQM;Hof
EDSB;Baden-Baden
EDTD;Donaueschingen
EDTY;Schwäbisch Hall
EDUZ;Zerbst/Anhalt
EDVE;Braunschweig
EDVK;Kassel
EDXW;Westerland
EEEI;Keila
EEKA;Kärdla
EEKE;Kuressaare
EEPU;Pärnu
EES;Berenice Troglodytica
EETN;Tallinn
EETU;Tartu
EFET;Enontekio
EFHA;Jämsä
EFHK;Helsinki
EFIT;Kitee
EFIV;Ivalo
EFJO;Joensuu / Liperi
EFJY;Jyväskylän Maalaiskunta
EFKA;Kauhava
EFKE;Kemi / Tornio
EFKI;Kajaani
EFKK;Kokkola / Kruunupyy
EFKS;Kuusamo
EFKT;Kittilä
EFKU;Kuopio / Siilinjärvi
EFLP;Lappeenranta
EFMA;Mariehamn
EFMI;Mikkeli
EFOU;Oulu / Oulunsalo
EFPO;Pori
EFPR;Helsinki (Pyhtää)
EFRO;Rovaniemi
EFSA;Savonlinna
EFSI;Seinäjoki / Ilmajoki
EFSO;Sodankyla
EFTP;Tampere / Pirkkala
EFTU;Turku
EFUT;Utti / Valkeala
EFVA;Vaasa
EFVR;Varkaus / Joroinen
EG-0003;Bilbeis
EGAA;Belfast
EGAB;Enniskillen
EGAC;Belfast
EGAE;Derry
EGBB;Birmingham
EGBE;Coventry
EGBJ;Staverton
EGBN;Nottingham
EGCC;Manchester
EGCN;Doncaster
EGDC;Chivenor
EGDM;Amesbury
EGDR;Helston
EGDX;St. Athan
EGDY;Yeovil
EGEC;Campbeltown
EGED;Eday
EGFE;Haverfordwest
EGFF;Cardiff
EGFH;Swansea
EGGD;Bristol
EGGP;Liverpool
EGGW;London
EGHH;Bournemouth
EGHI;Southampton
EGHL;Lasham
EGHQ;Newquay
EGJB;Saint Peter Port
EGJJ;Saint Helier
EGKA;Brighton
EGKB;London
EGKK;London
EGLC;London
EGLF;Farnborough
EGLK;Yateley
EGLL;London
EGMC;London
EGNC;Carlisle
EGNH;Blackpool
EGNJ;Grimsby
EGNL;Barrow-in-Furness
EGNM;Leeds
EGNO;Warton
EGNR;Hawarden
EGNS;Castletown
EGNT;Newcastle
EGNX;Nottingham
EGOM;Spadeadam
EGOS;Shawbury
EGOV;Angelsey
EGPA;Orkney Islands
EGPB;Lerwick
EGPC;Wick
EGPD;Aberdeen
EGPE;Inverness
EGPH;Edinburgh
EGPI;Port Ellen
EGPL;Balivanich
EGPM;Shetland Islands
EGPN;Dundee
EGPR;Eoligarry
EGPU;Balemartine
EGQK;Kinloss
EGQS;Lossiemouth
EGSC;Cambridge
EGSH;Norwich
EGSS;London
EGTC;Cranfield
EGTE;Exeter
EGTK;Kidlington
EGUB;Benson
EGUL;Lakenheath
EGUN;Mildenhall
EGUW;Stowmarket
EGUY;St. Ives
EGVA;Fairford
EGVN;Brize Norton
EGVO;Odiham
EGWC;Cosford
EGWU;London
EGXC;Coningsby
EGXD;Dishforth
EGXE;Leeming
EGXG;Church Fenton
EGXH;Thetford
EGXP;Scampton
EGXT;Wittering
EGXU;Linton-On-Ouse
EGXW;Waddington
EGXZ;Topcliffe
EGYD;Cranwell
EGYE;Grantham
EGYM;Marham
EGYP;Mount Pleasant
EHAM;Amsterdam
EHBD;Weert
EHBK;Maastricht
EHDL;Arnhem
EHDP;Venray
EHEH;Eindhoven
EHGG;Groningen
EHGR;Breda
EHKD;Den Helder
EHLE;Lelystad
EHLW;Leeuwarden
EHRD;Rotterdam
EHTW;Enschede
EHVK;Uden
EHWO;Bergen Op Zoom
EICK;Cork
EICM;Galway
EIDL;Donegal
EIDW;Dublin
EIKN;Charlestown
EIKY;Killarney
EIME;Baldonnel
EINN;Shannon
EISG;Sligo
EIWF;Waterford
EIWT;Leixlip
EKAH;Aarhus
EKBI;Billund
EKCH;Copenhagen
EKEB;Esbjerg
EKKA;Karup
EKMB;Lolland Falster / Maribo
EKOD;Odense
EKRK;Copenhagen
EKRN;Rønne
EKSB;Sønderborg
EKSN;Sindal
EKSP;Vojens
EKSV;Skive
EKTS;Thisted
EKVD;Kolding / Vamdrup
EKVG;Vágar
EKVJ;Skjern / Ringkøbing
EKYT;Aalborg
ELLX;Luxembourg
ENAL;Ålesund
ENAN;Andenes
ENAT;Alta
ENBN;Brønnøy
ENBO;Bodø
ENBR;Bergen
ENBS;Båtsfjord
ENBV;Berlevåg
ENCN;Kjevik
ENDU;Målselv
ENEN;Engeløy
ENEV;Evenes
ENFG;Fagernes
ENFL;Florø
ENGM;Oslo
ENHD;Karmøy
ENHF;Hammerfest
ENHV;Honningsvåg
ENKB;Kvernberget
ENKR;Kirkenes
ENLK;Leknes
ENMH;Mehamn
ENML;Årø
ENMS;Mosjøen
ENNA;Lakselv
ENNO;Notodden
ENOL;Ørland
ENOV;Ørsta
ENRA;Mo i Rana
ENRM;Rørvik
ENRO;Røros
ENRY;Oslo
ENSB;Longyearbyen
ENSH;Svolvær
ENSK;Hadsel
ENSN;Geiteryggen
ENSO;Leirvik
ENSR;Sørkjosen
ENSS;Vardø
ENST;Alstahaug
ENTC;Tromsø
ENTO;Torp
ENVA;Trondheim
ENVD;Vadsø
ENY;Yan'an
ENZV;Stavanger
EPBY;Bydgoszcz
EPCE;Lębork
EPDE;Dęblin
EPGD;Gdańsk
EPKK;Kraków
EPKT;Katowice
EPLL;Łódź
EPLS;Leszno
EPLY;Leczyca
EPMI;Mirosławiec
EPMO;Warsaw
EPOK;Gdynia
EPPO;Poznań
EPRA;Radom
EPRZ;Rzeszów
EPSC;Goleniow
EPSY;Olsztyn
EPTM;Tomaszów Mazowiecki
EPWA;Warsaw
EPWR;Wrocław
EPZG;Babimost
ES-0109;Folgueroles
ESCF;Linköping
ESDF;Ronneby
ESFR;Råda
ESGG;Gothenburg
ESGJ;Jönköping
ESGP;Gothenburg
ESGR;Skövde
ESGT;Trollhättan
ESIB;Såtenäs
ESKM;Mora
ESKN;Stockholm
ESKS;Sälen / Trysil
ESKX;Björkvik
ESMK;Kristianstad
ESMQ;Kalmar
ESMS;Malmö
ESMT;Halmstad
ESMX;Växjö
ESND;Sveg
ESNG;Gällivare
ESNK;Nyland
ESNL;Lycksele
ESNN;Sundsvall/ Härnösand
ESNO;Örnsköldsvik
ESNQ;Kiruna
ESNS;Skellefteå
ESNU;Umeå
ESNV;Vilhelmina
ESNX;Arvidsjaur
ESNY;Söderhamn
ESNZ;Östersund
ESOE;Örebro
ESOH;Råda
ESOK;Karlstad
ESOW;Stockholm / Västerås
ESPA;Luleå
ESSA;Stockholm
ESSB;Stockholm
ESSD;Borlange
ESSK;Gävle / Sandviken
ESSL;Linköping
ESSP;Norrköping
ESST;Torsby
ESSU;Eskilstuna
ESSV;Visby
ESTA;Ängelholm
ESTL;Ljungbyhed
ESUD;Storuman
ESUT;Hemavan
ETAD;Trier
ETAR;Ramstein
ETHF;Fritzlar
ETHN;Niederstetten
ETMN;Cuxhaven
ETND;Diepholz
ETNL;Rostock
ETNS;Jagel
ETOU;Wiesbaden
ETSI;Manching
ETSL;Lagerlechfeld
ETSN;Neuburg (Donau)
EVDA;Daugavpils
EVKA;Jēkabpils
EVLA;Liepāja
EVRA;Riga
EVTA;Tukums
EVVA;Ventspils
EYKA;Kaunas
EYKD;Kėdainiai
EYPA;Palanga
EYPP;Panevėžys
EYSA;Šiauliai
EYSB;Šiauliai
EYVI;Vilnius
FAAB;Alexander Bay
FAAG;Aggeneys
FABE;Bisho
FABL;Bloemfontain
FABR;Umjindi (Barberton)
FACT;Cape Town
FAEL;East London
FAEO;Ermelo
FAFB;Ficksburg
FAGC;Midrand
FAGG;George
FAGM;Johannesburg
FAHR;Harrismith
FAKD;Klerksdorp
FAKM;Kimberley
FAKN;Mpumalanga
FAKU;Kuruman
FAKZ;Kleinsee
FALA;Johannesburg
FALC;Lime Acres
FALE;Durban
FALW;Langebaanweg
FALY;Ladysmith
FAMD;Malamala
FAMG;Margate
FAMM;Mafeking
FAMN;Malelane
FAMS;Silveroaks
FAMU;Mkuze
FANC;Newcastle
FAOH;Oudtshoorn
FAOR;Johannesburg
FAPE;Port Elizabeth
FAPG;Plettenberg Bay
FAPH;Phalaborwa
FAPI;Polokwane
FAPJ;Port St Johns
FAPM;Pietermaritzburg
FAPP;Polokwane
FAPS;Potchefstroom
FAQT;Queenstown
FARB;Richards Bay
FARG;Rustenburg
FARS;Robertson
FASB;Springbok
FASC;Secunda
FASD;Saldanha-Vredenburg
FASS;Sishen
FASZ;Skukuza
FATZ;Tzaneen
FAUL;Ulundi
FAUP;Upington
FAUT;Mthatha
FAVB;Vyrburg
FAVG;Durban
FAVR;Vredendal
FAVV;Vereeniging
FAWB;Pretoria
FAWK;Pretoria
FAYP;Cape Town
FBFT;Francistown
FBJW;Jwaneng
FBKE;Kasane
FBMN;Maun
FBSK;Gaborone
FBSN;Sowa
FBSP;Selebi Phikwe
FCBB;Brazzaville
FCOD;Oyo
FCOO;Owando
FCPL;Dolisie
FCPP;Pointe Noire
FDMS;Manzini
FDSK;Mpaka
FEFF;Bangui
FEFT;Berbérati
FGBT;Bata
FGSL;Malabo
FHAW;Cat Hill
FIMP;Plaine Magnein
FIMR;Port Mathurin
FJDG;Diego Garcia
FKKC;Tiko
FKKD;Douala
FKKL;Maroua
FKKM;Foumban
FKKN;N'Gaoundéré
FKKR;Garoua
FKKU;Bafoussam
FKKV;Bamenda
FKKY;Yaoundé
FKYS;Yaoundé
FLKE;Chingola
FLLC;Lusaka
FLLI;Livingstone
FLLS;Lusaka
FLMF;Mfuwe
FLMG;Mongu
FLND;Ndola
FLSO;Kitwe
FMCH;Moroni
FMCI;Fomboni
FMCV;Ouani
FMCZ;Dzaoudzi
FMEE;St Denis
FMEP;St Pierre
FMMI;Antananarivo
FMMN;Miandrivazo
FMMS;Vohilava
FMMT;Toamasina
FMMV;Morondava
FMNA;Antisiranana
FMNC;Mananara Nord
FMNH;Antsirabe
FMNL;Analalava
FMNM;Mahajanga
FMNN;Nosy Be
FMNQ;Besalampy
FMNR;Maroantsetra
FMNS;Sambava
FMNV;Vohemar
FMNW;Antsohihy
FMSD;Tôlanaro
FMSF;Fianarantsoa
FMSK;Manakara
FMSM;Mananjary
FMSR;Morombe
FMST;Toliara
FNBC;Mbanza Congo
FNBG;Benguela
FNCA;Cabinda
FNCT;Catumbela
FNDU;Chitato
FNGI;Ngiva
FNHU;Huambo
FNKU;Kuito
FNLU;Luanda
FNMA;Malanje
FNME;Menongue
FNMO;Moçâmedes
FNNG;Negage
FNPA;Port Amboim
FNSA;Saurimo
FNSO;Soyo
FNSU;Sumbe
FNUB;Lubango
FNUE;Luena
FNUG;Uige
FNXA;Xangongo
FOGK;Koulamoutou
FOGM;Mouila
FOGO;Oyem
FOGQ;Okondja
FOGR;Lambarene
FOOB;Bitam
FOOG;Port Gentil
FOOH;Omboue
FOOK;Makokou
FOOL;Libreville
FOON;Franceville
FPPR;São Tomé & Príncipe
FPST;São Tomé
FQBR;Beira
FQCH;Chimoio
FQIN;Inhambane
FQLC;Lichinga
FQMA;Maputo
FQMD;Mueda
FQMP;Mocímboa da Praia
FQNP;Nampula
FQPB;Pemba / Porto Amelia
FQQL;Quelimane
FQTT;Tete
FQVL;Vilanculo
FSIA;Mahe Island
FSPP;Grand Anse
FTTC;Abeche
FTTD;Moundou
FTTJ;N'Djamena
FVBU;Bulawayo
FVCZ;Chiredzi
FVFA;Victoria Falls
FVHA;Harare
FVKB;Kariba
FVMT;Mutoko
FVMV;Masvingo
FVTL;Gweru
FVWN;Hwange
FWCL;Blantyre
FWDW;Dwangwa
FWKA;Karonga
FWKI;Lilongwe
FWMG;Mangochi
FWUU;Mzuzu
FXMM;Maseru
FYAR;Arandis
FYGF;Grootfontein
FYKT;Keetmanshoop
FYLZ;Luderitz
FYML;Mariental
FYOA;Ondangwa
FYOG;Oranjemund
FYRU;Rundu
FYTM;Tsumeb
FYWB;Walvis Bay
FYWE;Windhoek
FYWH;Windhoek
FZAA;Kinshasa
FZAB;N'dolo
FZBO;Bandundu
FZCA;Kikwit
FZEA;Mbandaka
FZFD;Gbadolite
FZFK;Gemena
FZIC;Kisangani
FZNA;Goma
FZOA;Kindu
FZQA;Lubumbashi
FZUA;Kananga
FZWA;Mbuji Mayi
GABS;Bamako
GAMB;Sévaré
GATB;Timbuktu
GBYD;Banjul
GCFV;Fuerteventura Island
GCHI;El Hierro Island
GCLA;La Palma Island
GCLP;Gran Canaria Island
GCRR;Lanzarote Island
GCTS;Tenerife
GCXO;Tenerife
GE-0007;Ozurgeti
GE-0010;Senaki
GEML;Melilla
GFBO;Bo
GFKE;Kenema
GFLL;Freetown (Lungi-Town)
GFYE;Yengema
GGOV;Bissau
GLMR;Monrovia
GLRB;Monrovia
GMAD;Agadir (Temsia)
GMAT;Tan Tan
GMFB;Bouarfa
GMFF;Fes
GMFK;Errachidia
GMFM;Meknes
GMFO;Oujda
GMMA;Smara
GMME;Rabat
GMMH;Dakhla
GMMI;Essaouira
GMML;El Aaiún
GMMN;Casablanca
GMMW;Nador
GMMX;Marrakech
GMMY;Kenitra
GMMZ;Ouarzazate
GMQ;Golog
GMTA;Al Hoceima
GMTN;Tétouan
GMTT;Tangier
GOBD;Dakar
GOGG;Ziguinchor
GOGS;Cap Skirring
GOOK;Kaolack
GOOY;Dakar
GOSM;Ouro Sogui
GOSS;Saint Louis
GOTB;Bakel
GOTK;Kédougou
GOTT;Tambacounda
GQNO;Nouakchott
GQPA;Atar
GQPP;Nouadhibou
GUCY;Conakry
GVAC;Espargos
GVBA;Rabil
GVMA;Vila do Maio
GVNP;Praia
GVSN;Preguiça
GVSV;São Pedro
HAAB;Addis Ababa
HABD;Bahir Dar
HADR;Dire Dawa
HAGM;Gambela
HAGN;Gondar
HAGO;Gode
HAHM;Debre Zeyit
HAJJ;Jijiga
HAJM;Jimma
HALA;Awasa
HASO;Asosa
HBBA;Bujumbura
HCMH;Hargeisa
HCMI;Berbera
HCMK;Kismayo
HCMM;Mogadishu
HDAM;Djibouti City
HE16;Tanta
HE28;Markaz Ad Delingat
HE35;Abu Suwayr
HE37;Bilbeis
HEAL;El Alamein
HEAR;El Arish
HEAT;Asyut
HEAX;Alexandria
HEAZ;Cairo
HEBA;Alexandria
HEBL;Abu Simbel
HEBS;Beni Suef
HECA;Cairo
HECP;New Cairo
HECW;Cairo
HEGN;Hurghada
HEGR;El Gora
HEGS;Abu El Matamir
HEIS;Ismailia
HELX;Luxor
HEMA;Marsa Alam
HEMM;Marsa Matruh
HEPS;Port Said
HESC;Saint Catherine
HESG;Suhaj
HESH;Sharm el-Sheikh
HESN;Aswan
HESX;Giza
HETB;Taba
HHAS;Asmara
HHMS;Massawa
HHSB;Asab
HIA;Huai'an
HJJJ;Juba
HKAM;Amboseli National Park
HKEL;Eldoret
HKJK;Nairobi
HKKI;Kisumu
HKKT;Kitale
HKLK;Lokichoggio
HKLO;Lodwar
HKLU;Lamu
HKML;Malindi
HKMO;Mombasa
HKMS;Masai Mara
HKNW;Nairobi
HKNY;Nanyuki
HKRE;Nairobi
HKWJ;Wajir
HLGD;Sirt
HLGT;Ghat
HLKF;Kufra
HLLB;Benghazi
HLLM;Tripoli
HLLQ;Al Bayda'
HLLS;Sabha
HLLT;Tripoli
HLTD;Ghadames
HRYG;Gisenyi
HRYR;Kigali
HRZA;Kamembe
HSDN;Dongola
HSFA;Higleig
HSFS;El Fasher
HSKA;Kassala
HSMN;Merowe
HSNN;Nyala
HSOB;Al-Ubayyid
HSPN;Port Sudan
HSSG;Geneina
HSSK;Khartoum
HSSM;Malakal
HSWW;Wau
HTAR;Arusha
HTDA;Dar es Salaam
HTDO;Dodoma
HTGW;Mbeya
HTIR;Nduli
HTKJ;Arusha
HTLM;Lake Manyara National Park
HTMT;Mtwara
HTMW;Mwanza
HTPE;Chake Chake
HTTG;Tanga
HTZA;Zanzibar
HU-0002;Kalocsa/Foktő
HUAR;Arua
HUEN;Kampala
HUGU;Gulu
HUSO;Soroti
HZU;Chengdu
IBL;Bazaruto Island
ID-ZGP;Sugapa-Papua Island
IN-0011;Bengaluru
IQ-0016;Anah
IQ-0024;Jalibah
IQ-0039;Baghdad
IQ-0045;Dhuluiya
IQ-0051;http://en.wikipedia.org/wiki/Tal_Ashtah_Air_Base
ISG;Ishigaki
JGD;Jagdaqi
JIQ;Qianjiang
JJD;Cruz
JNZ;Jinzhou
JO-0002;Al-Jafr
K61B;Boulder City
K67L;Mesquite
K79J;Andalusia/Opp
KABE;Allentown
KABI;Abilene
KABQ;Albuquerque
KABR;Aberdeen
KABY;Albany
KACK;Nantucket
KACT;Waco
KACV;Arcata/Eureka
KACY;Atlantic City
KADW;Camp Springs
KAEX;Alexandria
KAFW;Fort Worth
KAGC;Pittsburgh
KAGS;Augusta
KAHN;Athens
KAKR;Akron
KALB;Albany
KALI;Alice
KALM;Alamogordo
KALN;Alton/St Louis
KALO;Waterloo
KALS;Alamosa
KALW;Walla Walla
KAMA;Amarillo
KANB;Anniston
KAND;Anderson
KAOO;Altoona
KAPA;Denver
KAPF;Naples
KAPG;Aberdeen Proving Grounds(Aberdeen)
KAPN;Alpena
KARA;New Iberia
KART;Watertown
KASE;Aspen
KAST;Astoria
KATL;Atlanta
KATY;Watertown
KAUG;Augusta
KAUS;Austin
KAUW;Wausau
KAVL;Asheville
KAVP;Wilkes-Barre/Scranton
KAXN;Alexandria
KAZO;Kalamazoo
KBAB;Marysville
KBAD;Bossier City
KBAF;Westfield/Springfield
KBAK;Columbus
KBBD;Brady
KBCE;Bryce Canyon
KBDE;Baudette
KBDL;Hartford
KBDR;Bridgeport
KBED;Bedford
KBFD;Bradford
KBFF;Scottsbluff
KBFI;Seattle
KBFL;Bakersfield
KBFM;Mobile
KBGM;Binghamton
KBGR;Bangor
KBHB;Bar Harbor
KBHM;Birmingham
KBIF;Fort Bliss/El Paso
KBIH;Bishop
KBIL;Billings
KBIS;Bismarck
KBIX;Biloxi
KBJC;Denver
KBJI;Bemidji
KBKE;Baker City
KBKF;Aurora
KBKL;Cleveland
KBKW;Beckley
KBLF;Bluefield
KBLH;Blythe
KBLI;Bellingham
KBLV;Belleville
KBMG;Bloomington
KBMI;Bloomington/Normal
KBNA;Nashville
KBNO;Burns
KBOI;Boise
KBOS;Boston
KBPI;Big Piney
KBPK;Mountain Home
KBPT;Beaumont/Port Arthur
KBQK;Brunswick
KBRD;Brainerd
KBRL;Burlington
KBRO;Brownsville
KBTL;Battle Creek
KBTM;Butte
KBTR;Baton Rouge
KBTV;Burlington
KBUF;Buffalo
KBUR;Burbank
KBVI;Beaver Falls
KBVY;Beverly / Danvers
KBWG;Bowling Green
KBWI;Baltimore
KBYH;Blytheville
KBYI;Burley
KBYS;Fort Irwin/Barstow
KBZN;Bozeman
KCAE;Columbia
KCAK;Akron
KCAR;Caribou
KCBM;Columbus
KCCY;Charles City
KCDC;Cedar City
KCDR;Chadron
KCDS;Childress
KCEC;Crescent City
KCEF;Springfield/Chicopee
KCEW;Crestview
KCGF;Cleveland
KCGI;Cape Girardeau
KCHA;Chattanooga
KCHO;Charlottesville
KCHS;Charleston
KCID;Cedar Rapids
KCIU;Sault Ste Marie
KCKB;Clarksburg
KCLE;Cleveland
KCLL;College Station
KCLM;Port Angeles
KCLT;Charlotte
KCMA;Camarillo
KCMH;Columbus
KCMI;Champaign/Urbana
KCMX;Hancock
KCNM;Carlsbad
KCNU;Chanute
KCOD;Cody
KCOE;Coeur d'Alene
KCOF;Cocoa Beach
KCON;Concord
KCOS;Colorado Springs
KCOU;Columbia
KCPF;Hazard
KCPR;Casper
KCRE;North Myrtle Beach
KCRG;Jacksonville
KCRP;Corpus Christi
KCRQ;Carlsbad
KCRW;Charleston
KCSG;Columbus
KCSV;Crossville
KCTB;Cut Bank
KCUB;Columbia
KCVG;Cincinnati / Covington
KCVO;Corvallis
KCVS;Clovis
KCWA;Mosinee
KCXO;Houston
KCYS;Cheyenne
KDAA;Fort Belvoir
KDAB;Daytona Beach
KDAG;Daggett
KDAL;Dallas
KDAN;Danville
KDAY;Dayton
KDBQ;Dubuque
KDCA;Washington
KDDC;Dodge City
KDEC;Decatur
KDEN;Denver
KDET;Detroit
KDFW;Dallas-Fort Worth
KDHN;Dothan
KDHT;Dalhart
KDIK;Dickinson
KDLF;Del Rio
KDLH;Duluth
KDLS;Dallesport / The Dalles
KDMA;Tucson
KDMN;Deming
KDNL;Augusta
KDOV;Dover
KDPA;Chicago/West Chicago
KDRA;Mercury
KDRI;DeRidder
KDRT;Del Rio
KDSM;Des Moines
KDTW;Detroit
KDUG;Douglas Bisbee
KDUJ;Dubois
KDYS;Abilene
KE-0075;Nanyuki
KEAR;Kearney
KEAT;Wenatchee
KEAU;Eau Claire
KECG;Elizabeth City
KECP;Panama City Beach
KEDW;Edwards
KEED;Needles
KEEN;Keene
KEET;Alabaster
KEFD;Houston
KEGE;Eagle
KEGI;Crestview
KEKA;Eureka
KEKN;Elkins
KEKO;Elko
KELD;El Dorado
KELM;Elmira/Corning
KELO;Ely
KELP;El Paso
KELY;Ely
KEND;Enid
KENV;Wendover
KENW;Kenosha
KERI;Erie
KESF;Alexandria
KEUG;Eugene
KEVV;Evansville
KEVW;Evanston
KEWB;New Bedford
KEWN;New Bern
KEWR;New York
KEYW;Key West
KFAF;Fort Eustis
KFAR;Fargo
KFAT;Fresno
KFAY;Fayetteville
KFBG;Fort Bragg
KFCS;Fort Carson
KFDY;Findlay
KFFO;Dayton
KFHU;Fort Huachuca / Sierra Vista
KFKL;Franklin
KFLG;Flagstaff
KFLL;Fort Lauderdale
KFLO;Florence
KFME;Fort Meade(Odenton)
KFMN;Farmington
KFMY;Fort Myers
KFNT;Flint
KFOD;Fort Dodge
KFOE;Topeka
KFPR;Fort Pierce
KFRG;Farmingdale
KFRI;Fort Riley (Junction City)
KFSD;Sioux Falls
KFSI;Fort Sill
KFSM;Fort Smith
KFST;Fort Stockton
KFTK;Fort Knox
KFTW;Fort Worth
KFTY;Atlanta
KFWA;Fort Wayne
KFXE;Fort Lauderdale
KFYV;Fayetteville
KG-0001;Jalal-Abad
KGCC;Gillette
KGCK;Garden City
KGCN;Grand Canyon - Tusayan
KGDV;Glendive
KGEG;Spokane
KGFK;Grand Forks
KGFL;Glens Falls
KGGG;Longview
KGGW;Glasgow
KGJT;Grand Junction
KGLD;Goodland
KGLH;Greenville
KGLS;Galveston
KGMU;Greenville
KGNV;Gainesville
KGON;Groton (New London)
KGPI;Kalispell
KGPT;Gulfport
KGRB;Green Bay
KGRF;Fort Lewis/Tacoma
KGRI;Grand Island
KGRK;Killeen
KGRR;Grand Rapids
KGSB;Goldsboro
KGSO;Greensboro
KGSP;Greer
KGTB;Fort Drum
KGTF;Great Falls
KGTR;Columbus/W Point/Starkville
KGUP;Gallup
KGUS;Peru
KGUY;Guymon
KGWO;Greenwood
KGYY;Gary
KHBG;Hattiesburg
KHBR;Hobart
KHFD;Hartford
KHGR;Hagerstown
KHHR;Hawthorne
KHIB;Hibbing
KHIF;Ogden
KHII;Lake Havasu City
KHIO;Portland
KHKY;Hickory
KHLG;Wheeling
KHLN;Helena
KHLR;Fort Hood
KHMN;Alamogordo
KHOB;Hobbs
KHON;Huron
KHOP;Fort Campbell/Hopkinsville
KHOT;Hot Springs
KHOU;Houston
KHPN;White Plains
KHQM;Hoquiam
KHRL;Harlingen
KHRO;Harrison
KHRT;Mary Esther
KHST;Homestead
KHSV;Huntsville
KHTS;Huntington
KHUA;Redstone Arsnl Huntsville
KHUF;Terre Haute
KHUL;Houlton
KHUT;Hutchinson
KHVN;New Haven
KHVR;Havre
KHYA;Hyannis
KHYI;San Marcos
KHYR;Hayward
KHYS;Hays
KHZY;Ashtabula
KI39;Richmond
KIAB;Wichita
KIAD;Washington
KIAG;Niagara Falls
KIAH;Houston
KICT;Wichita
KIDA;Idaho Falls
KIFP;Bullhead City
KIGM;Kingman
KIKK;Kankakee
KILG;Wilmington
KILM;Wilmington
KILN;Wilmington
KIND;Indianapolis
KINK;Wink
KINL;International Falls
KINT;Winston Salem
KINW;Winslow
KIPL;Imperial
KIPT;Williamsport
KIRK;Kirksville
KISM;Orlando
KISO;Kinston
KISP;Islip
KITH;Ithaca
KIWA;Mesa
KJAC;Jackson
KJAN;Jackson
KJAX;Jacksonville
KJBR;Jonesboro
KJCT;Junction
KJFK;New York
KJHW;Jamestown
KJKL;Jackson
KJLN;Joplin
KJMS;Jamestown
KJQF;Concord
KJST;Johnstown
KJXN;Jackson
KKLS;Kelso
KL45;Bakersfield
KLAF;West Lafayette
KLAL;Lakeland
KLAN;Lansing
KLAR;Laramie
KLAS;Las Vegas
KLAW;Lawton
KLAX;Los Angeles
KLBB;Lubbock
KLBE;Latrobe
KLBF;North Platte
KLBL;Liberal
KLBT;Lumberton
KLBX;Angleton
KLCH;Lake Charles
KLCK;Columbus
KLEB;Lebanon
KLEE;Leesburg
KLEX;Lexington
KLFI;Hampton
KLFK;Lufkin
KLFT;Lafayette
KLGA;New York
KLGB;Long Beach
KLGU;Logan
KLIT;Little Rock
KLLQ;Monticello
KLMT;Klamath Falls
KLND;Lander
KLNK;Lincoln
KLNS;Lancaster
KLOL;Lovelock
KLOU;Louisville
KLOZ;London
KLRD;Laredo
KLRF;Jacksonville
KLRU;Las Cruces
KLSE;La Crosse
KLSF;Fort Benning(Columbus)
KLSV;Las Vegas
KLTS;Altus
KLUF;Glendale
KLUK;Cincinnati
KLVM;Livingston
KLVS;Las Vegas
KLWB;Lewisburg
KLWM;Lawrence
KLWS;Lewiston
KLWT;Lewistown
KLYH;Lynchburg
KMAF;Midland
KMBG;Mobridge
KMBS;Saginaw
KMCB;McComb
KMCC;Sacramento
KMCE;Merced
KMCF;Tampa
KMCI;Kansas City
KMCK;Mc Cook
KMCN;Macon
KMCO;Orlando
KMCW;Mason City
KMDH;Carbondale/Murphysboro
KMDT;Harrisburg
KMDW;Chicago
KMEI;Meridian
KMEM;Memphis
KMER;Merced
KMFD;Mansfield
KMFE;McAllen
KMFR;Medford
KMGE;Marietta
KMGM;Montgomery
KMGW;Morgantown
KMHK;Manhattan
KMHR;Sacramento
KMHT;Manchester
KMIA;Miami
KMIB;Minot
KMIE;Muncie
KMIV;Millville
KMKC;Kansas City
KMKE;Milwaukee
KMKG;Muskegon
KMKL;Jackson
KMLB;Melbourne
KMLC;Mc Alester
KMLI;Moline
KMLS;Miles City
KMLU;Monroe
KMMT;Eastover
KMMU;Morristown
KMMV;Mc Minnville
KMOB;Mobile
KMOD;Modesto
KMOT;Minot
KMPV;Barre/Montpelier
KMQY;Smyrna
KMRB;Martinsburg
KMRY;Monterey
KMSL;Muscle Shoals
KMSN;Madison
KMSO;Missoula
KMSP;Minneapolis
KMSS;Massena
KMSY;New Orleans
KMTC;Mount Clemens
KMTH;Marathon
KMTJ;Montrose
KMTN;Baltimore
KMUI;Fort Indiantown Gap(Annville)
KMUO;Mountain Home
KMWH;Moses Lake
KMXF;Montgomery
KMYL;McCall
KMYR;Myrtle Beach
KMYV;Marysville
KNBC;Beaufort
KNBG;New Orleans
KNCA;Jacksonville
KNDZ;Milton
KNEL;Lakehurst
KNEW;New Orleans
KNFG;Oceanside
KNFL;Fallon
KNFW;Fort Worth
KNGP;Corpus Christi
KNGU;Norfolk
KNHK;Patuxent River
KNHZ;Brunswick
KNID;China Lake
KNIP;Jacksonville
KNJK;El Centro
KNKT;Cherry Point
KNKX;San Diego
KNLC;Lemoore
KNMM;Meridian
KNPA;Pensacola
KNQA;Millington
KNQI;Kingsville
KNQX;Key West
KNRB;Mayport
KNSE;Milton
KNTD;Point Mugu
KNTU;Virginia Beach
KNUQ;Mountain View
KNUW;Oak Harbor
KNXP;Twentynine Palms
KNYG;Quantico
KNYL;Yuma
KNZY;San Diego
KOAJ;Richlands
KOAK;Oakland
KOFF;Omaha
KOFK;Norfolk
KOGB;Orangeburg
KOGD;Ogden
KOKC;Oklahoma City
KOLF;Wolf Point
KOLM;Olympia
KOLS;Nogales
KOLU;Columbus
KOMA;Omaha
KONP;Newport
KONT;Ontario
KOPF;Miami
KOQU;North Kingstown
KORD;Chicago
KORF;Norfolk
KORH;Worcester
KOSH;Oshkosh
KOSU;Columbus
KOTH;North Bend
KOTM;Ottumwa
KOWB;Owensboro
KOWD;Norwood
KOXR;Oxnard
KOZR;Fort Rucker/Ozark
KP-0002;Haeju
KP-0012;Kwaksan
KP-0015;Koksan
KP-0020;Hwangju
KP-0022;Sunchon
KP-0025;Tŏksan-dong
KP-0032;Hoemun-ri
KP-0035;Kimhyonggwon
KP-0036;Changjin
KP-0038;Riwon-gun
KP-0039;Kwail
KP-0041;Pyongyang (Ryokpo)
KP-0068;Koksan
KPAE;Everett
KPAH;Paducah
KPAM;Panama City
KPBF;Pine Bluff
KPBG;Plattsburgh
KPBI;West Palm Beach
KPDK;Atlanta
KPDT;Pendleton
KPDX;Portland
KPGA;Page
KPGD;Punta Gorda
KPGV;Greenville
KPHF;Newport News
KPHL;Philadelphia
KPHX;Phoenix
KPIA;Peoria
KPIB;Hattiesburg/Laurel
KPIE;St Petersburg-Clearwater
KPIH;Pocatello
KPIR;Pierre
KPIT;Pittsburgh
KPKB;Parkersburg
KPLN;Pellston
KPMD;Palmdale
KPNA;Pinedale
KPNC;Ponca City
KPNE;Philadelphia
KPNS;Pensacola
KPOB;Fayetteville
KPOE;Fort Polk
KPOU;Poughkeepsie
KPQI;Presque Isle
KPRB;Paso Robles
KPRC;Prescott
KPRX;Paris
KPSC;Pasco
KPSM;Portsmouth
KPSP;Palm Springs
KPTK;Pontiac
KPUB;Pueblo
KPUW;Pullman/Moscow
KPVD;Providence
KPVU;Provo
KPWK;Chicago/Prospect Heights/Wheeling
KPWM;Portland
KPWT;Bremerton
KRAL;Riverside
KRAP;Rapid City
KRBL;Red Bluff
KRCA;Rapid City
KRDD;Redding
KRDG;Reading
KRDM;Redmond
KRDR;Grand Forks
KRDU;Raleigh/Durham
KRFD;Chicago/Rockford
KRHI;Rhinelander
KRIC;Richmond
KRIL;Rifle
KRIV;Riverside
KRIW;Riverton
KRKS;Rock Springs
KRME;Rome
KRMG;Rome
KRND;Universal City
KRNH;New Richmond
KRNO;Reno
KROA;Roanoke
KROC;Rochester
KROW;Roswell
KRSL;Russell
KRST;Rochester
KRSW;Fort Myers
KRUT;Rutland
KRVS;Tulsa
KRWF;Redwood Falls
KRWI;Rocky Mount
KRWL;Rawlins
KRYY;Atlanta
KSAC;Sacramento
KSAF;Santa Fe
KSAN;San Diego
KSAT;San Antonio
KSAV;Savannah
KSAW;Marquette
KSBA;Santa Barbara
KSBD;San Bernardino
KSBN;South Bend
KSBP;San Luis Obispo
KSBY;Salisbury
KSCH;Schenectady
KSCK;Stockton
KSDF;Louisville
KSDM;San Diego
KSDY;Sidney
KSEA;Seattle
KSFB;Orlando
KSFF;Spokane
KSFO;San Francisco
KSGF;Springfield
KSGH;Springfield
KSGJ;St Augustine
KSGR;Houston
KSGU;St George
KSHD;Staunton/Waynesboro/Harrisonburg
KSHR;Sheridan
KSHV;Shreveport
KSJC;San Jose
KSJT;San Angelo
KSKA;Spokane
KSKF;San Antonio
KSLC;Salt Lake City
KSLE;Salem
KSLI;Los Alamitos
KSLK;Saranac Lake
KSLN;Salina
KSME;Somerset
KSMF;Sacramento
KSMN;Salmon
KSMO;Santa Monica
KSMX;Santa Maria
KSNA;Santa Ana
KSNS;Salinas
KSNY;Sidney
KSOA;Sonora
KSPI;Springfield
KSPS;Wichita Falls
KSRQ;Sarasota/Bradenton
KSRR;Ruidoso
KSSC;Sumter
KSSF;San Antonio
KSSI;St Simons Island
KSTC;Saint Cloud
KSTJ;St Joseph
KSTL;St Louis
KSTP;St Paul
KSTS;Santa Rosa
KSUN;Hailey
KSUS;St Louis
KSUU;Fairfield
KSUX;Sioux City
KSUZ;Benton
KSVN;Savannah
KSWF;Newburgh
KSWO;Stillwater
KSYR;Syracuse
KSZL;Knob Noster
KTBN;Fort Leonard Wood
KTCC;Tucumcari
KTCL;Tuscaloosa
KTCM;Tacoma
KTCS;Truth or Consequences
KTEB;Teterboro
KTIK;Oklahoma City
KTIW;Tacoma
KTIX;Titusville
KTLH;Tallahassee
KTMB;Miami
KTOI;Troy
KTOL;Toledo
KTOP;Topeka
KTPA;Tampa
KTPH;Tonopah
KTPL;Temple
KTRI;Bristol/Johnson/Kingsport
KTRK;Truckee
KTRM;Palm Springs
KTTD;Portland
KTTN;Trenton
KTTS;Titusville
KTUL;Tulsa
KTUP;Tupelo
KTUS;Tucson
KTVC;Traverse City
KTVL;South Lake Tahoe
KTWF;Twin Falls
KTXK;Texarkana
KTYR;Tyler
KTYS;Knoxville
KU42;Salt Lake City
KUAO;Aurora
KUIN;Quincy
KUKI;Ukiah
KUNV;State College
KUOX;Oxford
KUTS;Huntsville
KVAD;Valdosta
KVBG;Lompoc
KVCT;Victoria
KVEL;Vernal
KVGT;Las Vegas
KVIS;Visalia
KVLD;Valdosta
KVNY;Van Nuys
KVOK;Camp Douglas
KVPS;Valparaiso
KVPZ;Valparaiso
KVRB;Vero Beach
KVTN;Valentine
KW63;Clarksville
KWJF;Lancaster
KWMC;Winnemucca
KWRB;Warner Robins
KWRI;Wrightstown
KWRL;Worland
KWWD;Wildwood
KWWR;Woodward
KWY;Kiwayu
KWYS;West Yellowstone
KXMR;Cocoa Beach
KXNA;Fayetteville/Springdale/Rogers
KXTA;Groom Lake
KYIP;Detroit
KYKM;Yakima
KYKN;Yankton
KYNG;Youngstown/Warren
KZ-0067;Baikonur
KZ-0068;Kurchatov
KZ-0069;Zhangiztobe
KZ-7470;Semey
KZZV;Zanesville
LAKU;Kukës
LAKV;Kuçovë
LATI;Tirana
LBBG;Burgas
LBGO;Gorna Oryahovitsa
LBPD;Plovdiv
LBPG;Graf Ignatievo
LBPL;Dolna Mitropoliya
LBSF;Sofia
LBWB;Balchik
LBWN;Varna
LCEN;Nicosia
LCLK;Larnaca
LCPH;Paphos
LCRA;Akrotiri
LDDU;Dubrovnik
LDOS;Osijek
LDPL;Pula
LDRI;Rijeka
LDSB;Bol
LDSP;Split
LDZA;Zagreb
LDZD;Zemunik (Zadar)
LEAB;Albacete
LEAL;Alicante
LEAM;Almería
LEAS;Ranón
LEBA;Córdoba
LEBB;Bilbao
LEBG;Burgos
LEBL;Barcelona
LEBZ;Badajoz
LECH;Castellón de la Plana
LECO;Culleredo
LECU;Madrid
LEDA;Lleida
LEGA;Armilla
LEGE;Girona
LEGR;Granada
LEGT;Getafe
LEIB;Ibiza
LEJR;Jerez de la Frontera
LELC;San Javier
LELN;León
LELO;Logroño
LEMD;Madrid
LEMG;Málaga
LEMH;Menorca Island
LEMO;Morón
LEPA;Palma De Mallorca
LEPP;Pamplona
LERI;Alcantarilla
LERL;Ciudad Real
LERS;Reus
LERT;Rota
LESA;Salamanca
LESO;Hondarribia
LEST;Santiago de Compostela
LETL;Teruel
LETO;Madrid
LEVC;Valencia
LEVD;Valladolid
LEVT;Alava
LEVX;Vigo
LEXJ;Santander
LEZG;Zaragoza
LEZL;Sevilla
LFAC;Marck
LFAG;Péronne/Saint-Quentin
LFAT;Le Touquet-Paris-Plage
LFAV;Valenciennes/Denain
LFAY;Amiens/Glisy
LFBA;Agen/La Garenne
LFBC;Cazaux (La Teste-de-Buch)
LFBD;Bordeaux/Mérignac
LFBE;Bergerac/Roumanière
LFBF;Toulouse/Francazal
LFBG;Cognac/Châteaubernard
LFBH;La Rochelle/Île de Ré
LFBI;Poitiers/Biard
LFBK;Montluçon/Guéret
LFBL;Limoges/Bellegarde
LFBM;Mont-de-Marsan
LFBN;Niort/Souché
LFBO;Toulouse/Blagnac
LFBP;Pau/Pyrénées (Uzein)
LFBT;Tarbes/Lourdes/Pyrénées
LFBU;Angoulême/Brie/Champniers
LFBX;Périgueux/Bassillac
LFBZ;Biarritz/Anglet/Bayonne
LFCC;Cahors/Lalbenque
LFCG;Saint-Girons/Antichan
LFCH;Arcachon/La Teste-de-Buch
LFCI;Albi/Le Séquestre
LFCK;Castres/Mazamet
LFCR;Rodez/Marcillac
LFCY;Royan/Médis
LFDH;Auch/Lamothe
LFDI;Libourne/Artigues-de-Lussac
LFDN;Rochefort/Saint-Agnant
LFEY;Île d'Yeu
LFGA;Colmar/Houssen
LFGJ;Dole/Tavaux
LFGW;Verdun
LFHO;Aubenas/Ardèche Méridional
LFHP;Le Puy/Loudes
LFJL;Metz / Nancy
LFJR;Angers/Marcé
LFKB;Bastia/Poretta
LFKC;Calvi/Sainte-Catherine
LFKF;Figari Sud-Corse
LFKJ;Ajaccio/Napoléon Bonaparte
LFKS;Solenzara
LFLA;Auxerre/Branches
LFLB;Chambéry/Aix-les-Bains
LFLC;Clermont-Ferrand/Auvergne
LFLD;Bourges
LFLH;Chalon/Champforgueil
LFLI;Annemasse
LFLL;Lyon
LFLM;Mâcon/Charnay
LFLN;Saint-Yan
LFLO;Roanne/Renaison
LFLP;Annecy/Meythet
LFLS;Saint-Étienne-de-Saint-Geoirs
LFLU;Valence/Chabeuil
LFLV;Vichy/Charmeil
LFLW;Aurillac
LFLX;Châteauroux/Déols
LFLY;Lyon/Bron
LFMC;Le Cannet-des-Maures
LFMD;Cannes
LFMH;Saint-Étienne/Bouthéon
LFMI;Istres/Le Tubé
LFMK;Carcassonne/Salvaza
LFML;Marseille
LFMN;Nice
LFMO;Orange/Caritat
LFMP;Perpignan/Rivesaltes
LFMQ;Le Castellet
LFMS;Alès/Deaux
LFMT;Montpellier/Méditerranée
LFMU;Béziers/Vias
LFMV;Avignon/Caumont
LFMY;Salon
LFNB;Mende/Brénoux
LFOA;Avord
LFOB;Beauvais
LFOC;Châteaudun
LFOE;Évreux/Fauville
LFOH;Le Havre/Octeville
LFOI;Abbeville
LFOJ;Orléans/Bricy
LFOK;Vatry
LFOP;Rouen/Vallée de Seine
LFOT;Tours/Val de Loire (Loire Valley)
LFOU;Cholet/Le Pontreau
LFOV;Laval/Entrammes
LFPB;Paris
LFPC;Creil
LFPG;Paris
LFPM;Melun/Villaroche
LFPN;Toussus-le-Noble
LFPO;Paris
LFPT;Cormeilles-en-Vexin
LFPV;Villacoublay/Vélizy
LFQB;Troyes/Barberey
LFQE;Étain/Rouvres
LFQG;Nevers/Fourchambault
LFQJ;Maubeuge/Élesmes
LFQP;Phalsbourg/Bourscheid
LFQQ;Lille/Lesquin
LFQT;Merville/Calonne
LFQV;Charleville-Mézières
LFQW;Vesoul/Frotey
LFRB;Brest/Guipavas
LFRC;Cherbourg/Maupertus
LFRD;Dinard/Pleurtuit/Saint-Malo
LFRE;La Baule-Escoublac
LFRF;Granville
LFRG;Deauville
LFRH;Lorient/Lann/Bihoué
LFRI;La Roche-sur-Yon/Les Ajoncs
LFRJ;Landivisiau
LFRK;Caen/Carpiquet
LFRL;Lanvéoc/Poulmic
LFRM;Le Mans/Arnage
LFRN;Rennes/Saint-Jacques
LFRO;Lannion
LFRQ;Quimper/Pluguffan
LFRS;Nantes
LFRT;Saint-Brieuc/Armor
LFRU;Morlaix/Ploujean
LFRV;Vannes/Meucon
LFRZ;Saint-Nazaire/Montoir
LFSB;Bâle/Mulhouse
LFSD;Dijon/Longvic
LFSG;Épinal/Mirecourt
LFSI;Saint-Dizier/Robinson
LFSL;Brive la Gaillarde
LFSM;Montbéliard/Courcelles
LFSN;Nancy/Essey
LFSO;Nancy/Ochey
LFST;Strasbourg
LFSX;Luxeuil/Saint-Sauveur
LFTH;Toulon/Hyères/Le Palyvestre
LFTW;Nîmes/Garons
LFVM;Miquelon
LFVP;Saint-Pierre
LFXA;Ambérieu
LGAD;Andravida
LGAL;Alexandroupolis
LGAV;Athens
LGBL;Nea Anchialos
LGEL;Elefsina
LGHI;Chios Island
LGIO;Ioannina
LGIR;Heraklion
LGKF;Kefallinia Island
LGKL;Kalamata
LGKO;Kos Island
LGKP;Karpathos Island
LGKR;Kerkyra Island
LGKV;Kavala
LGKZ;Kozani
LGMK;Mykonos Island
LGMT;Mytilene
LGPZ;Preveza/Lefkada
LGRP;Rodes Island
LGRX;Patras
LGSA;Souda
LGSK;Skiathos
LGSM;Samos Island
LGSR;Santorini Island
LGST;Crete Island
LGTG;Tanagra
LGTS;Thessaloniki
LGZA;Zakynthos Island
LHBP;Budapest
LHDC;Debrecen
LHKE;Kecskemét
LHPP;Pécs-Pogány
LHPR;Győr
LHS;Lake Havasu City
LHSM;Sármellék
LHSN;Szolnok
LHTA;Taszár
LHTL;Tököl
LIBA;Foggia
LIBC;Crotone
LIBD;Bari
LIBF;Foggia
LIBG;Grottaglie
LIBP;Pescara
LIBR;Brindisi
LIBV;Gioia Del Colle (BA)
LICA;Lamezia Terme (CZ)
LICB;Comiso
LICC;Catania
LICD;Lampedusa
LICG;Pantelleria (TP)
LICJ;Palermo
LICP;Palermo
LICR;Reggio Calabria
LICT;Trapani (TP)
LICZ;Sigonella (CT)
LIDT;Trento (TN)
LIEA;Alghero
LIED;Decimomannu
LIEE;Cagliari
LIEO;Olbia (SS)
LIET;Arbatax
LILA;Alessandria
LILE;Biella (BI)
LILI;Vercelli
LILM;Casale Monferrato
LILN;Varese
LIMA;Torino
LIMC;Milan
LIME;Milan
LIMF;Torino
LIMG;Albenga (SV)
LIMJ;Genova
LIML;Milan
LIMN;Cameri (NO)
LIMP;Parma
LIMR;Novi Ligure
LIMS;Piacenza
LIMW;Aosta
LIMZ;Cuneo
LIPA;Aviano (PN)
LIPB;Bolzano
LIPC;Cervia
LIPE;Bologna
LIPH;Treviso
LIPI;Codroipo
LIPK;Forlì (FC)
LIPL;Ghedi
LIPO;Montichiari (BS)
LIPQ;Trieste
LIPR;Rimini
LIPS;Istrana
LIPU;Padova
LIPX;Verona
LIPY;Ancona
LIPZ;Venice
LIQS;Siena
LIQW;Sarzana (SP)
LIRA;Rome
LIRE;Pomezia
LIRF;Rome
LIRG;Guidonia
LIRI;Salerno
LIRJ;Marina  Di Campo
LIRL;Latina
LIRM;Caserta
LIRN;Nápoli
LIRP;Pisa
LIRQ;Firenze
LIRS;Grosetto
LIRU;Rome
LIRV;Viterbo
LIRZ;Perugia
LJCE;Cerklje ob Krki
LJLJ;Ljubljana
LJPZ;Portorož
LKCV;Čáslav
LKKB;Prague
LKKU;Uherské Hradiště
LKKV;Karlovy Vary
LKLN;Plzen
LKMT;Ostrava
LKNA;Náměšť
LKPD;Pardubice
LKPO;Přerov
LKPR;Prague
LKTB;Brno
LKVO;Vodochody
LLBG;Tel Aviv
LLEK;Rehovot
LLER;Eilat
LLHA;Haifa
LLIB;Rosh Pina
LLMZ;Masada
LLNV;Beersheba
LLRD;Haifa
LLRM;Beersheba
LMML;Valletta
LOAN;Wiener Neustadt
LOWG;Graz (Feldkirchen bei Graz)
LOWI;Innsbruck
LOWK;Klagenfurt am Wörthersee
LOWL;Linz
LOWS;Salzburg
LOWW;Vienna
LOXZ;Zeltweg
LPAR;Vila Franca de Xira
LPAZ;Vila do Porto
LPBG;Bragança
LPBJ;Beja
LPBR;Braga
LPCB;Castelo Branco
LPCO;Coimbra
LPCS;Cascais
LPEV;Évora
LPFL;Santa Cruz das Flores
LPFR;Faro
LPGR;Santa Cruz da Graciosa
LPHR;Horta
LPLA;Praia da Vitória
LPMA;Funchal
LPMT;Montijo
LPOV;Ovar
LPPD;Ponta Delgada
LPPI;Pico Island
LPPM;Portimão
LPPR;Porto
LPPS;Vila Baleira
LPPT;Lisbon
LPSJ;Velas
LPSO;Ponte de Sôr
LPST;Sintra
LPTN;Tancos
LPVL;Maia
LPVR;Vila Real
LPVZ;Viseu
LQBK;Banja Luka
LQMO;Mostar
LQSA;Sarajevo
LQTZ;Tuzla
LR79;Ianca
LR80;Feteşti
LR82;Boboc
LRAR;Arad
LRBC;Bacău
LRBM;Baia Mare
LRBS;Bucharest
LRCK;Constanţa
LRCL;Cluj-Napoca
LRCS;Caransebeş
LRCT;Câmpia Turzii
LRCV;Craiova
LRIA;Iaşi
LROD;Oradea
LROP;Bucharest
LROV;Brașov (Ghimbav)
LRSB;Sibiu
LRSM;Satu Mare
LRSV;Suceava
LRTC;Tulcea
LRTM;Târgu Mureş
LRTR;Timişoara
LSGC;La Chaux-de-Fonds
LSGG;Geneva
LSGS;Sion
LSMA;Alpnach
LSMD;Zurich
LSZA;Lugano
LSZB;Bern
LSZG;Grenchen
LSZH;Zurich
LSZR;Altenrhein
LTAC;Ankara
LTAD;Ankara
LTAE;Ankara
LTAF;Seyhan
LTAG;Sarıçam
LTAH;Afyonkarahisar
LTAI;Antalya
LTAJ;Gaziantep
LTAL;Kastamonu
LTAN;Konya
LTAS;Zonguldak
LTAT;Malatya
LTAU;Kayseri
LTAV;Sivrihisar
LTAW;Tokat
LTAY;Denizli
LTBG;Bandırma
LTBH;Çanakkale
LTBJ;İzmir
LTBL;Kaklıç Mahallesi
LTBQ;Kartepe
LTBR;Bursa
LTBS;Dalaman
LTBU;Çorlu
LTBY;Eskişehir
LTCA;Elazığ
LTCB;Ordu
LTCC;Diyarbakır
LTCD;Erzincan
LTCE;Erzurum
LTCF;Kars
LTCG;Trabzon
LTCH;Şanlıurfa
LTCI;Van
LTCJ;Batman
LTCK;Muş
LTCL;Siirt
LTCM;Sinop
LTCN;Kahramanmaraş
LTCO;Ağrı
LTCP;Adıyaman
LTCR;Mardin
LTCS;Şanlıurfa
LTCT;Iğdır
LTCV;Şırnak
LTCW;Hakkari
LTDA;Antakya
LTFC;Isparta
LTFD;Edremit
LTFE;Bodrum
LTFG;Gazipaşa
LTFH;Samsun
LTFJ;stanbul
LUBL;Bălți
LUBM;Mărculeşti
LUCH;Cahul
LUKK;Chişinău
LUTR;Tiraspol
LUZ;Lublin
LWOH;Ohrid
LWSK;Skopje
LXGB;Gibraltar
LY-BCQ;Brak
LYBE;Belgrade
LYBT;Batajnica
LYKV;Kraljevo
LYNI;Nis
LYPG;Podgorica
LYTV;Tivat
LZIB;Bratislava
LZKZ;Košice
LZMC;Malacky
LZPP;Piešťany
LZSL;Sliač
LZTT;Poprad
LZZI;Žilina
MBGT;Cockburn Town
MBNC;North Caicos
MBPV;Providenciales
MBSC;South Caicos
MDBH;Barahona
MDCR;Cabo Rojo
MDCY;Samana
MDJB;La Isabela
MDLR;La Romana
MDPC;Punta Cana
MDPP;Puerto Plata
MDSD;Santo Domingo
MDSI;San Isidro
MDST;Santiago
MGCB;Coban
MGGT;Guatemala City
MGPB;Puerto Barrios
MGRB;Rubelsanto
MGRT;Retalhuleu
MGSJ;Puerto San José
MGTK;San Benito
MHLC;La Ceiba
MHLM;San Pedro Sula
MHNJ;Guanaja
MHRO;Roatán
MHSC;Tegucigalpa
MHTE;Tela
MHTG;Tegucigalpa
MHTJ;Trujillo
MKBS;Boscobel
MKJP;Kingston
MKJS;Montego Bay
MKKJ;Ken Jones
MKTP;Tinson Pen
MMAA;Acapulco
MMAN;Monterrey
MMAS;Aguascalientes
MMBT;Huatulco
MMCB;Temixco
MMCE;Ciudad del Carmen
MMCL;Culiacán
MMCM;Chetumal
MMCN;Ciudad Obregón
MMCP;Campeche
MMCS;Ciudad Juárez
MMCT;Chichen Itza
MMCU;Chihuahua
MMCV;Ciudad Victoria
MMCY;Celaya
MMCZ;Cozumel
MMDA;Comondú
MMDO;Durango
MMEP;Tepic
MMGL;Guadalajara
MMGM;Guaymas
MMHO;Hermosillo
MMIA;Colima
MMIO;Saltillo
MMIT;Ixtepec
MMJA;Xalapa
MMLC;Lázaro Cárdenas
MMLM;Los Mochis
MMLO;Silao
MMLP;La Paz
MMLT;Loreto
MMMA;Matamoros
MMMD;Mérida
MMML;Mexicali
MMMM;Morelia
MMMT;Minatitlán
MMMX;Mexico City
MMMY;Monterrey
MMMZ;Mazatlán
MMNL;Nuevo Laredo
MMOX;Oaxaca
MMPA;Poza Rica
MMPB;Puebla
MMPN;Uruapan
MMPR;Puerto Vallarta
MMPS;Puerto Escondido
MMQT;Querétaro
MMRX;Reynosa
MMSD;San José del Cabo
MMSL;Cabo San Lucas
MMSM;Mexico City (Santa Lucía)
MMSP;San Luis Potosí
MMTB;Tuxtla Gutiérrez
MMTC;Torreón
MMTG;Tuxtla Gutiérrez
MMTJ;Tijuana
MMTM;Tampico
MMTO;Toluca
MMTP;Tapachula
MMUN;Cancún
MMVA;Villahermosa
MMVR;Veracruz
MMZC;Zacatecas
MMZH;Ixtapa
MMZO;Manzanillo
MNBL;Bluefileds
MNMG;Managua
MNPC;Puerto Cabezas
MPBO;Isla Colón
MPCE;Chitré
MPCH;Changuinola
MPDA;David
MPEJ;Colón
MPMG;Albrook
MPSA;Santiago
MPTO;Tocumen
MRAO;Roxana
MRBA;Punta Arenas
MRBC;Pococi
MRCC;Corredores
MRGF;Golfito
MRGP;Pococi
MRLB;Liberia
MRLC;Los Chiles
MRLM;Puerto Limon
MRNS;Nicoya
MROC;San José (Alajuela)
MRPJ;Puerto Jimenez
MRPM;Palmar Sur
MRPV;San Jose
MRQP;Quepos
MRSV;Coto Brus
MRUP;Upala
MSLP;San Salvador (San Luis Talpa)
MSSS;San Salvador
MTCA;Les Cayes
MTCH;Cap Haitien
MTJA;Jacmel
MTJE;Jeremie
MTPP;Port-au-Prince
MTPX;Port-de-Paix
MUBA;Baracoa
MUBY;Bayamo
MUCA;Ciego de Avila
MUCC;Cayo Coco
MUCF;Cienfuegos
MUCL;Cayo Largo del Sur
MUCM;Camaguey
MUCU;Santiago
MUGM;Guantanamo Bay Naval Station
MUGT;Guantánamo
MUHA;Havana
MUHG;Holguin
MUKW;Varadero
MULM;Pinar del Rio
MUMO;Moa
MUMZ;Manzanillo
MUNB;San Nicolás
MUNG;Nueva Gerona
MUPB;Havana
MUSC;Santa Clara
MUSJ;Pinar Del Rio
MUSN;Isla de la Juventud
MUTD;Trinidad
MUVR;Varadero
MUVT;Las Tunas
MWCB;Cayman Brac
MWCL;Little Cayman
MWCR;Georgetown
MX-0424;Bocoyna (Creel)
MYAB;Mangrove Cay
MYAK;Andros
MYAM;Marsh Harbour
MYAN;Andros Island
MYAP;Spring Point
MYAT;Treasure Cay
MYBG;Bullocks Harbour
MYBS;South Bimini
MYCA;Arthur's Town
MYCB;Cat Island
MYCI;Colonel Hill
MYEF;Moss Town
MYEH;North Eleuthera
MYEM;Governor's Harbour
MYEN;Normans Cay
MYER;Rock Sound
MYGF;Freeport
MYIG;Matthew Town
MYLD;Deadman's Cay
MYLS;Stella Maris
MYMM;Abrahams Bay
MYNN;Nassau
MYSM;San Salvador
MZBZ;Belize City
NBS;Baishan
NCRG;Avarua
NFFN;Nadi
NFNA;Nausori
NFTF;Nuku'alofa
NFTL;Lifuka
NFTV;Vava'u Island
NG-0003;Gombe
NG-0006;Okpoma
NG-QRW;Warri
NGFU;Funafuti
NGTA;Tarawa
NIUE;Alofi
NLH;Ninglang
NLWF;Futuna Island
NLWW;Wallis Island
NP-0003;Pokhara
NSFA;Apia
NSFQ;Fitiuta Village
NSTU;Pago Pago
NTAA;Papeete
NTGA;Anaa
NTGB;Fangatau
NTGE;Reao
NTGK;Raitahiti
NTGM;Makemo
NTHE;Ahe Atoll
NTMD;Nuku Hiva
NTMN;Hiva Oa Island
NTTB;Motu Mute
NTTH;Fare
NTTM;Moorea-Maiao
NTTO;Otepa
NTTR;Uturoa
NVSQ;Gaua Island
NVSS;Luganville
NVVV;Port Vila
NWWA;Tiga
NWWC;Waala
NWWD;Koné
NWWE;Île des Pins
NWWK;Koumac
NWWL;Lifou
NWWM;Nouméa
NWWR;Maré
NWWU;Touho
NWWV;Ouvéa
NWWW;Nouméa (La Tontouta)
NZAA;Auckland
NZAP;Taupo
NZAR;Manurewa
NZCH;Christchurch
NZCI;Te One
NZDN;Dunedin
NZGS;Gisborne
NZGT;Glentanner Station
NZHN;Hamilton
NZIR;McMurdo Station
NZKK;Kerikeri
NZKT;Kaitaia
NZLX;Alexandra
NZMS;Masterton
NZNP;New Plymouth
NZNR;Napier
NZNS;Nelson
NZNV;Invercargill
NZPG;McMurdo Station
NZQN;Queenstown
NZRO;Rotorua
NZSP;Amundsen-Scott South Pole Station
NZTG;Tauranga
NZUK;Twitzel
NZWB;Blenheim
NZWD;McMurdo Station
NZWF;Wanaka
NZWN;Wellington
NZWO;Wairoa
NZWU;Wanganui
OAHR;Guzara
OAIX;Bagram
OAJL;Jalalabad
OAKB;Kabul
OAKN;Khvoshab
OAMN;Maymana
OAMS;Mazar-i-Sharif
OAUZ;Kunduz
OBBI;Manama
OBBS;Sitrah
OEAB;Abha
OEAH;Hofuf
OEBA;Al Aqiq
OEDF;Ad Dammam
OEDM;Dawadmi
OEDR;Dhahran
OEGN;Jizan
OEGT;Gurayat
OEHL;Ha'il
OEJB;Jubail
OEJF;Jeddah
OEJN;Jeddah
OEKK;King Khaled Military City
OEKM;Khamis Mushait
OEMA;Medina
OENG;Najran
OENN;Neom
OEPA;Qaisumah
OERF;Rafha
OERK;Riyadh
OERM;Al Mishab
OERR;Arar
OERT;Ras Tanura
OERY;Riyadh
OESH;Sharurah
OESK;Al-Jawf
OETB;Tabuk
OETF;Ta’if
OETN;As Saffaniyah
OETR;Turaif
OEWD;Wadi Al Dawasir
OEWJ;Al Wajh
OEYN;Yanbu
OIAA;Abadan
OIAD;Dezful
OIAG;Aghajari
OIAH;Gachsaran
OIAI;Masjed Soleyman
OIAM;Mahshahr
OIAW;Ahvaz
OIBA;Abu Musa
OIBB;Bushehr
OIBJ;Kangan
OIBK;Kish Island
OIBL;Bandar Lengeh
OIBP;Asalouyeh
OIBQ;Khark
OIBS;Siri
OICC;Kermanshah
OICI;Ilam
OIFK;Kashan
OIFM;Isfahan
OIFP;Esfahan
OIFS;Shahrekord
OIGG;Rasht
OIHH;Hamadan
OIHS;Hamadan
OIIE;Tehran
OIII;Tehran
OIIK;Qazvin
OIIM;Karaj
OIIP;Karaj
OIKB;Bandar Abbas
OIKJ;Jiroft
OIKK;Kerman
OIMB;Birjand
OIMC;Sarakhs
OIMM;Mashhad
OIMN;Bojnord
OIMS;Sabzevar
OIMT;Tabas
OING;Gorgan
OINN;Nowshahr
OINR;Ramsar
OINZ;Sari
OISF;Fasa
OISL;Lar
OISR;Lamerd
OISS;Shiraz
OISY;Yasouj
OITL;Ardabil
OITR;Urmia
OITT;Tabriz
OITZ;Zanjan
OIYY;Yazd
OIZB;Zabol
OIZC;Chabahar
OIZH;Zahedan
OIZI;Iranshahr
OJ40;Al Azraq
OJAI;Amman
OJAM;Amman
OJAQ;Aqaba
OKAJ;Ahmed Al Jaber AB
OKAS;Al Damaikhi
OKBK;Kuwait City
OLBA;Beirut
OLKA;Tripoli
OLRA;Rayak
OM-0003;Duqm
OM-0004;Al Masna'ah
OM-0007;Ras ar Ruays
OMAA;Abu Dhabi
OMAD;Abu Dhabi
OMAL;Al Ain
OMBY;Sir Bani Yas
OMDB;Dubai
OMDM;Dubai
OMDW;Jebel Ali
OMRK;Ras Al Khaimah
OMSJ;Sharjah
OOKB;Khasab
OOMA;Masirah
OOMS;Muscat
OOSA;Salalah
OOTH;Thumrait
OP12;Washuk
OPBW;Bahawalpur
OPCH;Chitral
OPDG;Dera Ghazi Khan
OPDI;Dera Ismael Khan
OPFA;Faisalabad
OPGD;Gwadar
OPGT;Gilgit
OPIS;Islamabad
OPJA;Jacobabad
OPKC;Karachi
OPLA;Lahore
OPLH;Lahore
OPMA;Mangla
OPMF;Muzaffarabad
OPMI;Mianwali
OPMJ;Moenjodaro
OPMR;Karachi
OPMS;Kamra
OPMT;Multan
OPNH;Nawabashah
OPPG;Panjgur
OPPI;Pasni
OPPS;Peshawar
OPQT;Quetta
OPRK;Rahim Yar Khan
OPRN;Islamabad
OPRQ;Shorkot
OPRS;Risalpur
OPRT;Rawalakot
OPSD;Skardu
OPSF;Karachi
OPSK;Mirpur Khas
OPSN;Sehwan Sharif
OPSR;Sargodha
OPSS;Saidu Sharif
OPST;Sialkot
OPSU;Sui
OPTU;Turbat
OPZB;Fort Sandeman
ORAA;Hīt
ORAT;Al Habbaniyah
ORBD;Al Bakr
ORBI;Baghdad
ORBM;Mosul
ORER;Arbil
ORKK;Kirkuk
ORMM;Basra
ORNI;Najaf
ORQW;Qayyarah
ORSH;Tikrit
ORSU;Sulaymaniyah
ORTF;Tall Afar
ORTI;Taji
ORTL;Nasiriyah
ORUB;Al Kut
OS57;Abu ad Duhur
OS69;Buraq
OS70;Al-Qusayr
OSAP;Aleppo
OSDI;Damascus
OSDZ;Deir ez-Zor
OSKL;Qamishly
OSLK;Latakia
OSPR;Tadmur
OTBD;Doha
OTBH;Ar Rayyan
OTHH;Doha
OY74;Al Anad
OYAA;Aden
OYAT;Ataq
OYGD;Al Ghaydah
OYHD;Hodeida
OYRN;Riyan
OYSN;Sana'a
OYSQ;Socotra Islands
OYSY;Seiyun
OYTZ;Ta'izz
PAAQ;Palmer
PABA;Barter Island
PABE;Bethel
PABI;Delta Junction Ft Greely
PABL;Buckland
PABR;Utqiaġvik
PABT;Bettles
PABV;Birchwood
PACD;Cold Bay
PACL;Clear
PACM;Scammon Bay
PACV;Cordova
PACZ;Cape Romanzof
PADE;Deering
PADK;Adak
PADL;Dillingham
PADM;Marshall
PADQ;Kodiak
PADU;Unalaska
PAED;Anchorage
PAEH;Cape Newenham
PAEI;Fairbanks
PAEM;Emmonak
PAEN;Kenai
PAFA;Fairbanks
PAFB;Fairbanks/Ft Wainwright
PAFE;Kake
PAFM;Ambler
PAGA;Galena
PAGK;Gulkana
PAGM;Gambell
PAGS;Gustavus
PAHC;Holy Cross
PAHL;Huslia
PAHN;Haines
PAHO;Homer
PAHP;Hooper Bay
PAII;Egegik
PAIK;Kiana
PAIL;Iliamna
PAIM;Utopia Creek
PAJN;Juneau
PAKN;King Salmon
PAKP;Anaktuvuk Pass
PAKT;Ketchikan
PAKW;Klawock
PALU;Cape Lisburne
PAMC;McGrath
PAMR;Anchorage
PAMY;Mekoryuk
PANC;Anchorage
PANI;Aniak
PANN;Nenana
PANT;Metlakatla
PANV;Anvik
PAOM;Nome
PAOR;Northway
PAOT;Kotzebue
PAPB;St George
PAPC;Port Clarence
PAPG;Petersburg
PAPH;Port Heiden
PAPM;Platinum
PAQT;Nuiqsut
PARC;Arctic Village
PARY;Ruby
PASA;Savoonga
PASC;Deadhorse
PASD;Sand Point
PASH;Shishmaref
PASI;Sitka
PASM;St Mary's
PASN;St Paul Island
PASV;Sparrevohn
PASX;Soldotna
PASY;Shemya
PATG;Togiak Village
PATK;Talkeetna
PATL;Takotna
PATQ;Atqasuk
PAVD;Valdez
PAVL;Kivalina
PAWD;Seward
PAWG;Wrangell
PAWI;Wainwright
PAWN;Noatak
PAWS;Wasilla
PAYA;Yakutat
PCIS;Abariringa
PFYU;Fort Yukon
PG-OPU;Balimo
PG-VMU;Baimuru
PGRO;Rota Island
PGSN;I Fadang
PGUA;Yigo
PGUM;Hagåtña
PGWT;Tinian Island
PH-0001;Cagayan de Oro
PH-0073;Lal-lo
PH-0462;M'lang
PHBK;Kekaha
PHDH;Mokuleia
PHHI;Wahiawa
PHHN;Hana
PHIK;Honolulu
PHJH;Lahaina
PHJR;Kapolei
PHKO;Kailua-Kona
PHLI;Lihue
PHMK;Kaunakakai
PHMU;Waimea (Kamuela)
PHNG;Kaneohe
PHNL;Honolulu
PHNY;Lanai City
PHOG;Kahului
PHSF;Waimea (Kamuela)
PHTO;Hilo
PHUP;Hawi
PKMJ;Majuro Atoll
PKSA;Kaieteur Falls
PKWA;Kwajalein
PLCH;Banana
PMDY;Sand Island
PPIZ;Point Lay
PTKK;Weno Island
PTPN;Pohnpei Island
PTRO;Babelthuap Island
PTSA;Okat
PTYA;Yap Island
PWAK;Wake Island
RCAY;Kaohsiung (Gangshan)
RCBS;Shang-I
RCDC;Pingtung
RCDI;Longtan
RCFG;Matsu (Nangan)
RCFN;Taitung City
RCKH;Kaohsiung (Xiaogang)
RCKU;Chiayi City
RCKW;Hengchung
RCLY;Orchid Island
RCMQ;Taichung (Qingshui)
RCMT;Matsu (Beigan)
RCNN;Tainan (Rende)
RCPO;Hsinchu City
RCQC;Huxi
RCQS;Taitung City
RCSQ;Pingtung
RCSS;Taipei City
RCTP;Taipei
RCYU;Hualien City
RJAA;Tokyo
RJAF;Matsumoto
RJAH;Omitama
RJAW;Ogasawara
RJBB;Osaka
RJBD;Shirahama
RJBE;Kobe
RJBT;Toyooka
RJCB;Obihiro
RJCC;Sapporo
RJCH;Hakodate
RJCJ;Chitose
RJCK;Kushiro
RJCM;Ōzora
RJCN;Nakashibetsu
RJCO;Sapporo
RJCS;Betsukai
RJCT;Obihiro
RJCW;Wakkanai
RJDB;Iki
RJDC;Ube
RJDT;Tsushima
RJEB;Monbetsu
RJEC;Asahikawa
RJEO;Okushiri Island
RJER;Rishiri
RJFA;Ashiya
RJFC;Yakushima
RJFE;Goto
RJFF;Fukuoka
RJFG;Tanegashima
RJFK;Kagoshima
RJFM;Miyazaki
RJFO;Oita
RJFR;Kitakyushu
RJFS;Saga
RJFT;Kumamoto
RJFU;Nagasaki
RJFY;Kanoya
RJFZ;Tsuiki
RJGG;Tokoname
RJKA;Amami
RJKB;Wadomari
RJKI;Kikai
RJKN;Amagi
RJNA;Nagoya
RJNG;Gifu
RJNH;Hamamatsu
RJNK;Kanazawa
RJNO;Okinoshima
rjns;Makinohara / Shimada
RJNT;Toyama
RJNW;Wajima
RJNY;Yaizu
RJOA;Hiroshima
RJOB;Okayama
RJOC;Izumo
RJOF;Hofu
RJOH;Yonago
RJOI;Iwakuni
RJOK;Nankoku
RJOM;Matsuyama
RJOO;Osaka
RJOR;Tottori
RJOS;Tokushima
RJOT;Takamatsu
RJOW;Masuda
RJOY;Yao
RJSA;Aomori
RJSC;Higashine
RJSD;Sado
RJSF;Sukagawa
RJSH;Hachinohe
RJSI;Hanamaki
RJSK;Akita
RJSM;Misawa
RJSN;Niigata
RJSR;Kitaakita
RJSS;Natori
RJST;Ishinomaki
RJSY;Shonai
RJTA;Ayase / Yamato
RJTE;Tateyama
RJTF;Chofu
RJTH;Hachijojima
RJTJ;Sayama
RJTK;Kisarazu
RJTL;Matsudo
RJTO;Izu Oshima
RJTQ;Miyakejima
RJTT;Tokyo
RJTU;Utsunomiya
RJTY;Fussa
RKJB;Piseo-ri (Muan)
RKJJ;Gwangju
RKJK;Kunsan
RKJY;Yeosu
RKNN;Gangneung
RKNW;Wonju
RKNY;Gonghang-ro
RKPC;Jeju City
RKPD;Jeju Island
RKPK;Busan
RKPS;Sacheon
RKPU;Ulsan
RKSG;Pyeongtaek
RKSI;Seoul
RKSM;Seongnam
RKSS;Seoul
RKSW;Suwon
RKTH;Pohang
RKTI;Gimseang-ro
RKTN;Daegu
RKTU;Cheongju
RKTY;Yecheon-ri
RMU;Corvera
ROAH;Naha
ROKJ;Kumejima
ROMD;Minamidaito
ROMY;Miyako City
RORE;Ie
RORK;Kitadaitōjima
RORS;Miyakojima
RORT;Tarama
RORY;Yoron
ROYN;Yonaguni
RPLB;Olongapo
RPLC;Mabalacat
RPLI;Laoag City
RPLL;Manila
RPLP;Legazpi City
RPLS;Cavite
RPLT;Itbayat
RPMA;Surallah
RPMB;General Santos City
RPMC;Cotabato City
RPMD;Davao
RPME;Butuan
RPMG;Dipolog City
RPMH;Mambajao
RPMO;Ozamiz City
RPMP;Pagadian City
RPMQ;Mati
RPMR;General Santos
RPMS;Surigao City
RPMW;Tandag
RPMZ;Zamboanga City
RPSP;Panglao
RPUB;Baguio City
RPUD;Daet
RPUH;San Jose
RPUM;Mamburao
RPUN;Naga
RPUO;Basco
RPUR;Baler
RPUT;Tuguegarao City
RPUV;Virac
RPUW;Gasan
RPUY;Cauayan City
RPVA;Tacloban City
RPVB;Bacolod City
RPVC;Calbayog City
RPVD;Dumaguete City
RPVE;Malay
RPVF;Catarman
RPVI;Iloilo (Cabatuan)
RPVJ;Masbate
RPVK;Kalibo
RPVM;Lapu-Lapu City
RPVO;Ormoc City
RPVP;Puerto Princesa City
RPVR;Roxas City
RPVS;San Jose
RPVU;Tablas Island
RPVV;Coron
RU-0001;St. Petersburg
RU-0008;Bada
RU-0010;Balashov
RU-0014;Borisoglebsk
RU-0015;Bologoye
RU-0016;Lipetsk
RU-0018;Buturlinovka
RU-0023;Borzya
RU-0028;Kaliningrad
RU-0035;Grozny
RU-0036;Irkutsk
RU-0040;Syktyvkar
RU-0043;Sarov
RU-0050;Yamburg
RU-0059;Alakurtti
RU-0060;Chernyakhovsk
RU-0064;Ostrov
RU-0065;Pribilovo
RU-0089;Krymsk
RU-0090;Krasnodar
RU-0098;Oktyabrskiy
RU-0125;Kinel
RU-0128;Budyonnovsk
RU-0132;Chernigovka
RU-0152;Mozdok
RU-0189;Kostomuksha
RU-0211;Taganrog
RU-0217;Nizhniy Novgorod
RU-0240;Dubrovka
RU-0303;Astrakhan
RU-0304;Znamensk
RU-0327;Vozdvizhenka
RU-0372;Rostov-on-Don
RU-0380;Akhtubinsk
RU-0717;Utrenneye gas terminal
RU-0764;Kubinka
RU-1071;Kamensk Uralskiy
RU-1892;Dolinsk
RU-2344;Samara
RU-2844;Dzhida
RU-3095;Shadrinsk
RU-3686;Vorotynsk
RU-3709;Sennoy
RU-3880;Kansk
RU-4339;Tambov
RU-4421;Yoshkar Ola
RU-4464;Olenegorsk
RU-4536;Belaya
RU-4609;Pochinok
RU-4827;Chita
RU-5105;Chuguyevka
RU-5276;Murmansk
RU-5376;Gdov
RU-5672;Ivanovo
RU-6558;Saransk
RU-6560;Ulan Ude
RU-6687;Michurinsk
RU-7576;Yasnogorsk
RU-7847;Chernysevsk
RU-7911;Yugorsk
RU-7978;Uvelsky
RU-8363;Voronezh
RU-8499;Sharomy
RU-8602;Saratov
RU-8709;Bezhetsk
RU-8964;Pechora
RU-8974;Yaroslavl
RU-9129;Vorkuta
RU-9345;Novgorod
RU-9545;Zherdevka
RU-9937;Rzhev
RU-9942;Kirov
SAAC;Concordia
SAAG;Gualeguaychu
SAAP;Parana
SAAR;Rosario
SAAV;Santa Fe
SABE;Buenos Aires
SACO;Cordoba
SADF;San Fernando
SADL;La Plata
SADP;El Palomar
SAEZ;Buenos Aires (Ezeiza)
SAHS;Rincon de los Sauces
SAHZ;Zapala
SAME;Mendoza
SAMM;Malargue
SAMR;San Rafael
SANC;Catamarca
SANE;Santiago del Estero
SANL;La Rioja
SANR;Termas de Río Hondo
SANT;San Miguel de Tucumán
SANU;San Juan
SAOC;Rio Cuarto
SAOD;Villa Dolores
SAOR;Villa Mercedes
SAOU;San Luis
SAOV;Villa Maria
SARC;Corrientes
SARE;Resistencia
SARF;Formosa
SARI;Puerto Iguazu
SARL;Paso de los Libres
SARM;Monte Caseros
SARP;Posadas
SASA;Salta
SASJ;San Salvador de Jujuy
SASO;Orán
SAST;Tartagal
SATG;Goya
SATR;Reconquista
SATU;Curuzu Cuatia
SAVB;El Bolson
SAVC;Comodoro Rivadavia
SAVE;Esquel
SAVH;Las Heras
SAVT;Rawson
SAVV;Viedma / Carmen de Patagones
SAVY;Puerto Madryn
SAWC;El Calafate
SAWD;Puerto Deseado
SAWE;Rio Grande
SAWG;Rio Gallegos
SAWH;Ushuaia
SAWJ;San Julian
SAWP;Perito Moreno
SAWU;Puerto Santa Cruz
SAZB;Bahia Blanca
SAZG;General Pico
SAZH;Tres Arroyos
SAZL;Santa Teresita
SAZM;Mar del Plata
SAZN;Neuquen
SAZO;Necochea
SAZP;Pehuajó
SAZR;Santa Rosa
SAZS;San Carlos de Bariloche
SAZT;Tandil
SAZV;Villa Gesell
SAZW;Cutral-Co
SAZY;Chapelco/San Martin de los Andes
SBAA;Conceição do Araguaia
SBAC;Aracati
SBAF;Rio de Janeiro
SBAN;Anápolis
SBAQ;Araraquara
SBAR;Aracaju
SBAT;Alta Floresta
SBAU;Araçatuba
SBBE;Belém
SBBG;Bagé
SBBH;Belo Horizonte
SBBI;Curitiba
SBBQ;Barbacena
SBBR;Brasília
SBBT;Barretos
SBBV;Boa Vista
SBBW;Barra do Garças
SBBZ;Cabo Frio
SBCA;Cascavel
SBCC;Novo Progresso
SBCF;Belo Horizonte
SBCG;Campo Grande
SBCH;Chapecó
SBCI;Carolina
SBCJ;Parauapebas
SBCM;Criciúma
SBCO;Porto Alegre
SBCP;Campos Dos Goytacazes
SBCR;Corumbá
SBCT;Curitiba
SBCV;Caravelas
SBCX;Caxias Do Sul
SBCY;Cuiabá
SBCZ;Cruzeiro Do Sul
SBDN;Presidente Prudente
SBEG;Manaus
SBEK;Jacareacanga
SBFI;Foz do Iguaçu
SBFL;Florianópolis
SBFN;Fernando de Noronha
SBFZ;Fortaleza
SBGL;Rio De Janeiro
SBGM;Guajará-Mirim
SBGO;Goiânia
SBGR;São Paulo
SBGW;Guaratinguetá
SBHT;Altamira
SBIC;Itacoatiara
SBIH;Itaituba
SBIL;Ilhéus
SBIP;Ipatinga
SBIZ;Imperatriz
SBJF;Juiz de Fora
SBJH;São Roque
SBJP;João Pessoa
SBJV;Joinville
SBKG;Campina Grande
SBKP;Campinas
SBLJ;Lages
SBLN;Lins
SBLO;Londrina
SBLP;Bom Jesus da Lapa
SBMA;Marabá
SBMC;Minaçu
SBMD;Almeirim
SBME;Macaé
SBMG;Maringá
SBMK;Montes Claros
SBML;Marília
SBMN;Manaus
SBMO;Maceió
SBMQ;Macapá
SBMS;Mossoró
SBMT;São Paulo
SBMY;Manicoré
SBNF;Navegantes
SBNM;Santo Ângelo
SBNT;Natal
SBOI;Oiapoque
SBPA;Porto Alegre
SBPB;Parnaíba
SBPC;Poços De Caldas
SBPF;Passo Fundo
SBPJ;Palmas
SBPK;Pelotas
SBPL;Petrolina
SBPN;Porto Nacional
SBPP;Ponta Porã
SBPS;Porto Seguro
SBPV;Porto Velho
SBRB;Rio Branco
SBRF;Recife
SBRJ;Rio De Janeiro
SBRP;Ribeirão Preto
SBSC;Rio de Janeiro
SBSG;Natal
SBSJ;São José Dos Campos
SBSL;São Luís
SBSM;Santa Maria
SBSN;Santarém
SBSP;São Paulo
SBSR;São José Do Rio Preto
SBST;Guarujá
SBSV;Salvador
SBTA;Taubaté
SBTB;Oriximiná
SBTE;Teresina
SBTF;Tefé
SBTK;Tarauacá
SBTL;Telêmaco Borba
SBTS;Aldeia Tiriós
SBTT;Tabatinga
SBTU;Tucuruí
SBUA;São Gabriel Da Cachoeira
SBUF;Paulo Afonso
SBUG;Uruguaiana
SBUL;Uberlândia
SBUR;Uberaba
SBVG;Varginha
SBVH;Vilhena
SBVT;Vitória
SBYS;Pirassununga
SBZM;Juiz de Fora
SCAR;Arica
SCAT;Copiapo
SCBA;Balmaceda
SCBE;Tocopilla
SCCC;Chile Chico
SCCF;Calama
SCCH;Chillan
SCCI;Punta Arenas
SCCY;Coyhaique
SCDA;Iquique
SCEL;Santiago
SCES;El Salvador
SCFA;Antofagasta
SCFM;Porvenir
SCGZ;Puerto Williams
SCHR;Cochrane
SCIE;Concepcion
SCIP;Isla De Pascua
SCJO;Osorno
SCLL;Vallenar
SCNT;Puerto Natales
SCQP;Temuco
SCRA;Chañaral
SCRG;Rancagua
SCSE;La Serena-Coquimbo
SCTC;Temuco
SCTE;Puerto Montt
SCTL;Talca
SCTN;Chaiten
SCTO;Victoria
SCTT;Taltal
SCVD;Valdivia
SCVM;Viña Del Mar
SD-0001;Khartoum
SDZY;Juiz de Fora
SEAM;Ambato
SECO;Coca
SECU;Cuenca
SEGU;Guayaquil
SELT;Latacunga
SEMA;Macará
SEMC;Macas
SEMH;Machala
SEMT;Manta
SEPV;Portoviejo
SEQM;Quito
SERO;Santa Rosa
SESA;Salinas
SETR;Tarapoa
SETU;Tulcán
SFAL;Stanley
SGAS;Asunción
SGAY;Ayolas
SGES;Ciudad del Este
SGME;Mariscal Estigarribia
SGPI;Pilar
SJTC;Bauru
SKAP;Apiay
SKAR;Armenia
SKAS;Puerto Asís
SKBC;El Banco
SKBG;Bucaramanga
SKBO;Bogota
SKBQ;Barranquilla
SKBS;Bahía Solano
SKBU;Buenaventura
SKCC;Cúcuta
SKCG;Cartagena
SKCL;Cali
SKCO;Tumaco
SKCU;Caucasia
SKCV;Coveñas
SKCZ;Corozal
SKEB;El Bagre
SKEJ;Barrancabermeja
SKFL;Florencia
SKGI;Girardot
SKGO;Cartago
SKGP;Guapi
SKIB;Ibagué
SKIP;Ipiales
SKLC;Carepa
SKLM;La Mina-Maicao
SKLT;Leticia
SKMD;Medellín
SKMG;Magangué
SKMR;Montería
SKMU;Mitú
SKMZ;Manizales
SKNV;Neiva
SKOC;Ocaña
SKPC;Puerto Carreño
SKPD;Puerto Inírida
SKPE;Pereira
SKPI;Pitalito
SKPP;Popayán
SKPQ;La Dorada
SKPS;Pasto
SKPV;Providencia
SKPZ;Paz De Ariporo
SKQU;Mariquita
SKRG;Medellín
SKRH;Riohacha
SKSJ;San José Del Guaviare
SKSM;Santa Marta
SKSP;San Andrés
SKSV;San Vicente Del Caguán
SKTJ;Tunja
SKTM;Tame
SKTQ;Tres Esquinas
SKUA;Marandúa
SKUC;Arauca
SKUI;Quibdó
SKUL;Tuluá
SKVP;Valledupar
SKVV;Villavicencio
SKYP;El Yopal
SLAL;Yamparaez
SLBJ;Bermejo
SLCB;Cochabamba
SLCO;Cobija
SLET;Santa Cruz
SLLP;La Paz / El Alto
SLOR;Oruro
SLPO;Potosí
SLPS;Puerto Suárez
SLSA;Santa Ana del Yacuma
SLSU;Sucre
SLSV;San Ignacio de Velasco
SLTJ;Tarija
SLTR;Trinidad
SLVM;Villamontes
SLVR;Santa Cruz
SLYA;Yacuíba
SMJP;Zandery
SNCP;Correia Pinto
SNRS;Russas
SO-0001;Mogadishu
SOCA;Matoury
SOOG;Saint-Georges-de-l'Oyapock Airport
SPAY;Atalaya
SPBC;Caballococha
SPBR;Iberia
SPCL;Pucallpa
SPEO;Chimbote
SPHI;Chiclayo
SPHO;Ayacucho
SPHZ;Anta
SPIM;Lima
SPJA;Rioja
SPJE;Jaén
SPJI;Juanjuí
SPJJ;Jauja
SPJL;Juliaca
SPJR;Cajamarca
SPLO;Ilo
SPME;Tumbes
SPMS;Yurimaguas
SPNC;Huánuco
SPPY;Chachapoyas
SPQT;Iquitos
SPQU;Arequipa
SPRU;Trujillo
SPSO;Pisco
SPST;Tarapoto
SPTN;Tacna
SPTU;Puerto Maldonado
SPUR;Piura
SPYL;Talara
SPZA;Nazca
SPZO;Cusco
SQD;Shangrao
SQJ;Sanming
SSZW;Ponta Grossa
SUAA;Montevideo
SUDU;Durazno
SULS;Punta del Este
SUMU;Montevideo
SUSO;Salto
SVAC;Acarigua
SVAN;Anaco
SVBC;Barcelona
SVBI;Barinas
SVBM;Barquisimeto
SVBS;Maracay
SVCL;Guarico
SVCN;Canaima
SVCO;Carora
SVCP;Carúpano
SVCR;Coro
SVCS;Caracas
SVED;Bolivar
SVFM;La Carlota
SVGU;Guanare
SVJC;Paraguaná
SVJM;San Juan de los Morros
SVMC;Maracaibo
SVMD;Mérida
SVMG;Isla Margarita
SVMI;Caracas
SVMT;Maturín
SVPA;Puerto Ayacucho
SVPR;Puerto Ordaz-Ciudad Guayana
SVPT;Palmarito
SVSO;Santo Domingo
SVSP;San Felipe
SVSR;Inglaterra
SVST;El Tigre
SVTC;Tucupita
SVVA;Valencia
SVVG;El Vigía
SVVL;Valera
SWGN;Araguaína
SWRD;Rondonópolis
SYCJ;Georgetown
SYGO;Ogle
SYLT;Lethem
TAO;Jiaozhou
TAPA;St. John's
TAPH;Codrington
TBPB;Bridgetown
TDCF;Canefield
TDPD;Marigot
TFFF;Fort-de-France
TFFG;Grand Case
TFFJ;Gustavia / Saint-Jean
TFFM;Grand Bourg
TFFR;Pointe-à-Pitre
TGPY;Saint George's
TIST;Charlotte Amalie
TISX;Christiansted
TJ-UT45;Dushanbe
TJ-UT46;Parkhar
TJAB;Arecibo
TJBQ;Aguadilla
TJIG;San Juan
TJMZ;Mayaguez
TJPS;Ponce
TJSJ;San Juan
TKPK;Basseterre
TKPN;Charlestown
TLPC;Castries
TLPL;Vieux Fort
TM-UT52;Mary
TN-0002;Enfidha
TNCA;Oranjestad
TNCB;Kralendijk
TNCC;Willemstad
TNCE;Sint Eustatius
TNCM;Saint Martin
TNW;Tena
TQPF;The Valley
TR-0004;Polatlı
TR-0021;Alpu
TR-0028;Keşan
TR-0042;Rize
TRPG;Gerald's Park
TTCP;Scarborough
TTPP;Port of Spain
TUPJ;Road Town
TVSA;Kingstown
TVSB;Bequia
TVSC;Canouan
TVSM;Mustique Island
TVSU;Union Island
TW-0004;Kaohsiung (Zuoying)
TXKF;Hamilton
UA-0005;Nizhyn
UA-0010;Oktyabrskoe
UA-0012;Kirovskoe
UA-0020;Melitopol
UA-0022;Kacha
UA-0025;Bila Tserkva
UA-0028;Bolgrad
UA30;Batken
UAAA;Almaty
UAAH;Balkhash
UAAT;Taldykorgan
UACC;Nur-Sultan
UACK;Kokshetau
UACP;Petropavl
UADD;Taraz
UAFL;Tamchy
UAFM;Bishkek
UAFO;Osh
UAFW;Kant
UAII;Shymkent
UAKD;Zhezkazgan
UAKK;Karaganda
UAON;Baikonur
UARR;Uralsk
UASA;Ayaguz
UASB;Ekibastuz
UASK;Ust-Kamenogorsk (Oskemen)
UASP;Pavlodar
UASS;Semey
UATE;Aktau
UATG;Atyrau
UATR;Shalkar
UATT;Aktobe
UAUU;Kostanay
UB12;Nasosnaya
UB13;Stepanakert
UB14;Kyurdamir
UB18;Baku
UBBB;Baku
UBBG;Ganja
UBBN;Nakhchivan
UBBQ;Gabala
UBBY;Zaqatala
UDSG;Gyumri
UDYE;Yerevan
UDYZ;Yerevan
UEEE;Yakutsk
UELL;Neryungri
UEMA;Khonuu
UEMM;Magan
UEMO;Olyokminsk
UEMT;Ust-Nera
UENK;Kyzyl-Syr
UENW;Vilyuisk
UERL;Lensk
UERP;Yakutia
UERR;Mirny
UERS;Saskylakh
UESG;Belaya Gora
UESK;Srednekolymsk
UESO;Chokurdah
UESS;Cherskiy
UEST;Tiksi
UESU;Zyryanka
UG0U;Gudauta
UG11;Dollyar
UG22;Tbilisi
UG24;Tbilisi
UG27;Tbilisi
UG28;Bolshiye Shiraki
UGKO;Kopitnari
UGSB;Batumi
UGSS;Sukhumi
UGTB;Tbilisi
UHB1;Birofeld
UHBB;Blagoveschensk
UHHH;Khabarovsk
UHKD;Komsomolsk-na-Amur
UHKG;Sovetskaya Gavan
UHKK;Komsomolsk-on-Amur
UHKM;Sovetskaya Gavan
UHMA;Anadyr
UHMD;Chukotka
UHMF;Omsukchan
UHMG;Chaybukha
UHMK;Keperveem
UHMM;Magadan
UHMP;Apapelgino
UHMS;Seymchan
UHMT;Magadan
UHMW;Evensk
UHNN;Nikolayevsk-na-Amure Airport
UHOO;Okhotsk
UHPL;Palana
UHPP;Petropavlovsk-Kamchatsky
UHSS;Yuzhno-Sakhalinsk
UHWW;Artyom
UIAA;Chita
UIAE;Krasnokamensk
UIBB;Bratsk
UIBV;Zheleznogorsk-Ilimsky
UIII;Irkutsk
UITT;Ust-Kut
UIUB;Bagdarin
UIUU;Ulan Ude
UKBB;Kiev
UKCM;Mariupol
UKCW;Luhansk
UKDD;Dnipropetrovsk
UKDE;Zaporizhia
UKDR;Kryvyi Rih
UKFB;Sevastopol
UKFF;Simferopol
UKFG;Sarabuz
UKFI;Novofedorovka
UKFY;Dzhankoy
UKHH;Kharkiv
UKKE;Cherkasy
UKKK;Kiev
UKKM;Kiev
UKKO;Zhytomyr
UKLH;Khmelnytskyi
UKLI;Ivano-Frankivsk
UKLL;Lviv
UKLN;Chernivtsi
UKLR;Rivne
UKLU;Uzhhorod
UKOH;Kherson
UKON;Nikolayev
UKOO;Odessa
ULAA;Archangelsk
ULAK;Severomorsk
ULAM;Naryan Mar
ULBC;Cherepovets
ULDD;Amderma
ULH;Al Ula
ULKK;Kotlas
ULLI;St. Petersburg
ULLP;St. Petersburg
ULLS;Siversky
ULMM;Murmansk
ULNR;Staraya Russa
ULOL;Velikiye Luki
ULOO;Pskov
ULPB;Petrozavodsk
ULPP;Petrozavodsk
ULWW;Vologda
UMBB;Brest
UMGG;Gomel
UMII;Vitebsk
UMKK;Kaliningrad
UMMA;Baranavichi
UMMG;Hrodna
UMMS;Minsk
UMNB;Babruisk
UMOO;Mogilev
UNAA;Abakan
UNBB;Barnaul
UNBG;Gorno-Altaysk
UNCC;Novosibirsk
UNEE;Kemerovo
UNIB;Baykit
UNII;Yeniseysk
UNIP;Bor
UNIS;Severo-Yeniseysk
UNIW;Vanavara
UNKL;Krasnoyarsk
UNKM;Krasnoyarsk
UNKO;Sharypovo
UNKS;Achinsk
UNKY;Kyzyl
UNNE;Novosibirsk
UNNT;Novosibirsk
UNOO;Omsk
UNOS;Omsk
UNSS;Strezhevoy
UNTT;Tomsk
UNWW;Novokuznetsk
UODD;Dikson
UODN;Murmansk
UOHH;Khatanga
UOIG;Svetlogorsk
UOII;Igarka
UOOO;Norilsk
UOOW;Valek
URKA;Anapa
URKE;Yeysk
URKG;Gelendzhik
URKH;Maykop
URKK;Krasnodar
URMG;Grozny
URML;Makhachkala
URMM;Mineralnyye Vody
URMN;Nalchik
URMO;Beslan
URMS;Magas
URMT;Stavropol
UROD;Dudinka
URRP;Rostov-on-Don
URRT;Taganrog
URSS;Sochi
URWA;Astrakhan
URWI;Elista
URWW;Volgograd
US-0086;Conyers
US-0254;Yuma
US-0571;Williston
USCC;Chelyabinsk
USCM;Magnitogorsk
USDA;Sabetta
USDB;Bovanenkovo
USDD;Salekhard
USHH;Khanty-Mansiysk
USHN;Nyagan
USHS;Sovetskiy
USHU;Uray
USII;Izhevsk
USKK;Kirov
USMM;Nadym
USMU;Novy Urengoy
USNN;Nizhnevartovsk
USPP;Perm
USRK;Kogalym
USRN;Nefteyugansk
USRO;Noyabrsk
USRR;Surgut
USSK;Yekaterinburg
USSS;Yekaterinburg
USTR;Tyumen
USUU;Kurgan
UTAA;Ashgabat
UTAK;Turkmenbashi
UTAM;Mary
UTAT;Daşoguz
UTAV;Türkmenabat
UTDD;Dushanbe
UTDK;Kulyab
UTDL;Khujand
UTDT;Kurgan-Tyube
UTKA;Andizhan
UTKF;Fergana
UTNN;Nukus
UTNU;Urgench
UTSA;Navoi
UTSB;Bukhara
UTSS;Samarkand
UTST;Termez
UTTP;Tashkent
UTTT;Tashkent
UUBA;Kostroma
UUBC;Kaluga
UUBD;Ryazan
UUBI;Ivanovo
UUBK;Rybinsk
UUBL;Vladimir
UUBM;Moscow
UUBP;Bryansk
UUBW;Moscow
UUDD;Moscow
UUEE;Moscow
UUEM;Tver
UUMO;Moscow
UUMT;Lukhovitsy
UUMU;Moscow
UUOB;Belgorod
UUOK;Kursk
UUOL;Lipetsk
UUOO;Voronezh
UUOR;Orel
UUOT;Tambov
UUWE;Balabanovo
UUWW;Moscow
UUYH;Ukhta
UUYI;Inta
UUYK;Vuktyl
UUYP;Pechora
UUYS;Usinsk
UUYV;Izhma
UUYW;Vorkuta
UUYX;Ust-Tsylma
UUYY;Syktyvkar
UWGG;Nizhny Novgorod
UWKB;Bugulma
UWKD;Kazan
UWKE;Nizhnekamsk
UWKG;Kazan
UWKJ;Yoshkar-Ola
UWKS;Cheboksary
UWKV;Zhigansk
UWLL;Ulyanovsk
UWLW;Cherdakly
UWOO;Orenburg
UWOR;Orsk
UWPP;Penza
UWPS;Saransk
UWSB;Balakovo
UWSG;Saratov
UWUM;Ufa
UWUU;Ufa
UWWB;Buguruslan
UWWG;Samara
UWWW;Samara
VA1G;Rewa
VAAH;Ahmedabad
VAAK;Akola
VAAU;Aurangabad
VABB;Mumbai
VABI;Bilaspur
VABJ;Bhuj
VABM;Belgaum
VABO;Vadodara
VABP;Bhopal
VABV;Bhavnagar
VADN;Daman
VAGO;Vasco da Gama
VAHB;Hubli
VAID;Indore
VAJM;Jamnagar
VAKE;Kandla
VAKJ;Khajuraho
VAKS;Keshod
VAND;Nanded
VANP;Nagpur
VAOZ;Nasik
VAPO;Pune
VAPR;Porbandar
VARK;Rajkot
VASD;Kakadi
VASL;Solapur
VAUD;Udaipur
VCBI;Colombo
VCCA;Anuradhapura
VCCB;Batticaloa
VCCC;Colombo
VCCG;Ampara
VCCH;Polonnaruwa Town
VCCJ;Jaffna
VCCK;Galle
VCCT;Trincomalee
VDBG;Battambang
VDKH;Kampong Chhnang
VDPP;Phnom Penh (Pou Senchey)
VDRK;Ratanakiri
VDSR;Siem Reap
VE44;Jalpaiguri
VEAT;Agartala
VEBD;Siliguri
VEBI;Shillong
VEBS;Bhubaneswar
VECC;Kolkata
VEDG;Durgapur
VEGK;Gorakhpur
VEGT;Guwahati
VEIM;Imphal
VEJS;Jamshedpur
VEJT;Jorhat
VEKI;Kushinagar
VEKR;Kailashahar
VEKU;Silchar
VELP;Aizawl (Lengpui)
VELR;Lilabari
VEMN;Dibrugarh
VEMR;Dimapur
VEPT;Patna
VERC;Ranchi
VEZO;Ziro
VGBR;Barisal
VGCB;Cox's Bazar
VGEG;Chattogram (Chittagong)
VGIS;Ishurdi
VGJR;Jashore (Jessore)
VGRJ;Rajshahi
VGSD;Saidpur
VGSY;Sylhet
VGZR;Dhaka
VHHH;Hong Kong
VHSK;Islands
VIAG;Agra
VIAL;Allahabad
VIAR;Amritsar
VIBK;Bikaner
VIBN;Varanasi
VIBR;Bhuntar
VIBY;Bareilly
VICG;Chandigarh
VICX;Kanpur
VIDN;Dehradun
VIDP;New Delhi
VIGG;Gaggal
VIGR;Gwalior
VIJO;Jodhpur
VIJP;Jaipur
VIJU;Jammu
VIKG;Ajmer (Kishangarh)
VIKO;Kota
VILH;Leh
VILK;Lucknow
VIPK;Pathankot
VIPT;Pantnagar
VISR;Srinagar
VLLB;Luang Phabang
VLPS;Pakse
VLVT;Vientiane
VMMC;Freguesia de Nossa Senhora do Carmo (Taipa)
VN-0001;Dong Hoi
VN-KON;Kontum
VNBW;Siddharthanagar (Bhairahawa)
VNJP;Janakpur
VNKT;Kathmandu
VNNG;Nepalgunj
VNPK;Pokhara
VNTJ;Taplejung
VNVT;Biratnagar
VO55;Latur
VO94;Campbell Bay
VOAT;Agatti
VOBG;Bangalore
VOBI;Bellary
VOBL;Bangalore
VOBR;Bidar
VOBZ;Gannavaram
VOCB;Coimbatore
VOCI;Kochi
VOCL;Calicut
VOCP;Kadapa
VOCX;IAF Camp
VODG;Hyderabad
VOHS;Hyderabad
VOHY;Hyderabad
VOKN;Kannur
VOKU;Orvakal
VOMD;Madurai
VOML;Mangalore
VOMM;Chennai
VOPB;Port Blair
VOPC;Puducherry (Pondicherry)
VOPN;Puttaparthi
VORY;Rajahmundry
VOSM;Salem
VOTR;Tiruchirappalli
VOTV;Thiruvananthapuram
VQGP;Gelephu
VQPR;Paro
VRDA;Noonu Atoll
VRMG;Gan
VRMH;Haa Dhaalu Atoll
VRMK;Kadhdhoo
VRMM;Malé
VRMT;Huvadhu Atoll
VRMV;Maamigili
VTBD;Bangkok
VTBK;Nakhon Pathom
VTBO;Laem Ngop
VTBS;Bangkok
VTBU;Rayong
VTCC;Chiang Mai
VTCT;Chiang Rai
VTPH;Hua Hin
VTSB;Surat Thani
VTSF;Nakhon Si Thammarat
VTSG;Krabi
VTSM;Na Thon (Ko Samui Island)
VTSN;Nakhon Si Thammarat
VTSP;Phuket
VTSS;Hat Yai
VTST;Trang
VTUD;Udon Thani
VTUJ;Surin
VTUK;Khon Kaen
VTUQ;Chaloem Phra Kiat
VTUU;Ubon Ratchathani
VVBM;Buon Ma Thuot
VVCI;Haiphong
VVCM;Ca Mau City
VVCR;Cam Ranh
VVCS;Con Dao
VVCT;Can Tho
VVDB;Dien Bien Phu
VVDL;Da Lat
VVDN;Da Nang
VVGL;Hanoi
VVNB;Soc Son
VVPB;Huế
VVPC;Quy Nohn
VVPK;Pleiku
VVPQ;Phu Quoc Island
VVRG;Rach Gia
VVTH;Tuy Hoa
VVTS;Ho Chi Minh City
VVVD;Van Don
VVVH;Vinh
VYDW;Dawei
VYEL;Pyinmana
VYHH;Heho
VYKG;Kengtung
VYKP;Kyaukpyu
VYKT;Kawthoung
VYLK;Loikaw
VYLS;Lashio
VYMD;Mandalay
VYME;Mkeik
VYMK;Myitkyina
VYML;Meiktila
VYMS;Mong Hsat
VYNP;Myitkyina
VYNS;Namsang
VYPT;Putao
VYST;Meiktila
VYSW;Sittwe
VYTD;Thandwe
VYTL;Tachileik
VYYY;Yangon
WAAA;Ujung Pandang-Celebes Island
WABB;Biak-Supiori Island
WABI;Nabire-Papua Island
WABP;Timika-Papua Island
WADD;Denpasar-Bali Island
WADL;Mataram
WAEW;Gotalalamo-Morotai Island
WAFF;Palu
WAFP;Poso-Celebes Island
WAFW;Luwok
WAHI;Yogyakarta
WAHL;Cilacap-Java Island
WAJJ;Jayapura-Papua Island
WAJO;Oksibil-Papua Island
WAKK;Merauke
WALK;Tanjung Redeb - Borneo Island
WALR;Tarakan Island
WALS;Samarinda
WAMH;Tahuna-Sangihe Island
WAMM;Manado
WAMT;Sango-Ternate Island
WAON;Tanta-Tabalong-Borneo Island
WAPF;Langgur
WAPL;Langgur-Seram Island
WAPP;Ambon
WARJ;Yogyakarta-Java Island
WARR;Surabaya
WASF;Fakfak-Papua Island
WASK;Kaimana-Papua Island
WASO;Babo-Papua Island
WASR;Manokwari-Papua Island
WAVV;Wamena
WAWD;Wangi-wangi Island
WAXX;Sorong-Papua Island
WBGB;Bintulu
WBGG;Kuching
WBGJ;Limbang
WBGK;Mukah
WBGM;Marudi
WBGR;Miri
WBGS;Sibu
WBGZ;Bario
WBKD;Lahad Datu
WBKK;Kota Kinabalu
WBKL;Labuan
WBKS;Sandakan
WBKW;Tawau
WBMU;Mulu
WBSB;Bandar Seri Begawan
WIBB;Pekanbaru-Sumatra Island
WIBD;Dumai
WIBJ;Rengat-Sumatra Island
WICA;Kertajati
WICC;Bandung-Java Island
WIDD;Batam Island
WIHH;Jakarta
WIII;Jakarta
WILL;Bandar Lampung-Sumatra Island
WIMB;Gunungsitoli
WIME;Padang Sidempuan
WIMG;Padang
WIMK;Medan
WIMM;Bandara Kuala Namu
WIMS;Sibolga (Pinangsori)
WIOG;Nanga Pinoh-Borneo Island
WIOK;Ketapang
WION;Ranai-Natuna Besar Island
WIOO;Pontianak-Borneo Island
WIOP;Putussibau-Borneo Island
WIOS;Sintang-Borneo Island
WIPL;Bengkulu
WIPP;Palembang
WIPQ;Talang Gudang-Sumatra Island
WIPT;Padang (Katapiang)
WITC;Kuala Pesisir
WITK;Takengon
WITL;Lhok Sukon-Sumatra Island
WITT;Banda Aceh
WMAP;Kluang
WMBT;Kampung Tekek
WMKA;Alor Satar
WMKB;Butterworth
WMKC;Kota Baharu
WMKD;Kuantan
WMKE;Kerteh
WMKI;Ipoh
WMKJ;Johor Bahru
WMKK;Kuala Lumpur
WMKL;Langkawi
WMKM;Malacca
WMKN;Kuala Terengganu
WMKP;Penang
WMSA;Subang
WPDB;Suai
WPDL;Dili
WPEC;Baucau
WPOC;Oecussi-Ambeno
WSAC;Singapore
WSAG;Sembawang
WSAP;Paya Lebar
WSAT;Western Water Catchment
WSSL;Seletar
WSSS;Singapore
WUZ;Tangbu
XK-0001;Camp Bondsteel
XLLL;Soltsy
XLMV;Severomorsk
XLWF;Kipelovo
XRWL;Kamyshin
XUBS;Smolensk
XWPR;Rtishchevo
YABA;Albany
YAPH;Alpha
YARA;Ararat
YARM;Armidale
YAYE;Ayers Rock
YBAR;Barcaldine
YBAS;Alice Springs
YBBN;Brisbane
YBCG;Gold Coast
YBCK;Blackall
YBCS;Cairns
YBCV;Charleville
YBHI;Broken Hill
YBHM;Hamilton Island
YBMA;Mount Isa
YBMK;Mackay
YBNA;Ballina
YBP;Yibin
YBPN;Proserpine
YBRK;Rockhampton
YBRM;Broome
YBSU;Maroochydore
YBTH;Bathurst
YBTL;Townsville
YBUD;Bundaberg
YBWP;Weipa
YBWW;Toowoomba
YCAR;Carnarvon
YCCY;Cloncurry
YCFS;Coffs Harbour
YCIN;Derby
YCOE;Coen
YCOM;Cooma
YDBY;Derby
YDLQ;Deniliquin
YDPO;Devonport
YELD;Elcho Island
YEML;Emerald
YESP;Esperance
YFBS;Forbes
YGEL;Geraldton
YGLA;Gladstone
YGTE;Groote Eylandt
YGTH;Griffith
YHBA;Hervey Bay
YHID;Horn Island
YHOT;Mount Hotham
YIVL;Inverell
YKOW;Kowanyama
YLEO;Leonora
YLHR;Lockhart River
YLIS;Lismore
YLRE;Longreach
YLTV;Morwell
YMAV;Melbourne
YMAY;Albury
YMDG;Mudgee
YMEN;Melbourne
YMER;Merimbula
YMGD;Maningrida
YMHB;Hobart
YMIA;Mildura
YMLT;Launceston
YMMB;Melbourne
YMML;Melbourne
YMOR;Moree
YMRB;Moranbah
YMRY;Moruya
YMTG;Mount Gambier
YNAR;Narrandera
YNBR;Narrabri
YNT;Yantai
YNTN;Normanton
YNWN;Newman
YORG;Orange
YPAD;Adelaide
YPBO;Paraburdoo
YPCC;West Island
YPDN;Darwin
YPEA;Bullsbrook
YPED;Adelaide
YPGV;Nhulunbuy
YPJT;Perth
YPKA;Karratha
YPKG;Kalgoorlie
YPKS;Parkes
YPKT;Wadeye
YPKU;Kununurra
YPLC;Port Lincoln
YPLM;Exmouth
YPMQ;Port Macquarie
YPPD;Port Hedland
YPPH;Perth
YPXM;Flying Fish Cove
YROM;Roma
YSBK;Sydney
YSCB;Canberra
YSCN;Cobbitty
YSDU;Dubbo
YSHK;Denham
YSHL;Albion Park Rail
YSNF;Burnt Pine
YSNW;Nowra Hill
YSRI;Richmond
YSSY;Sydney
YSTW;Tamworth
YSWG;Wagga Wagga
YTEM;Temora
YTNG;Biloela
YTNK;Tennant Creek
YTRE;Taree
YWHA;Whyalla
YWLM;Williamtown
YWSL;Sale
YWWL;West Wyalong
YWYY;Burnie
YYA;Yueyang
Z19O;Hamat
ZBAA;Beijing
ZBAD;Beijing
ZBBB;Beijing
ZBCD;Chengde
ZBCF;Chifeng
ZBDH;Qinhuangdao
ZBDS;Ordos
ZBER;Erenhot
ZBES;Arxan
ZBHD;Handan
ZBHH;Hohhot
ZBHZ;Holingol
ZBLA;Hailar
ZBLF;Linfen
ZBLL;Lüliang
ZBOW;Baotou
ZBSJ;Shijiazhuang
ZBTJ;Tianjin
ZBTL;Tongliao
ZBUC;Ulanqab
ZBXH;Xilinhot
ZBYN;Taiyuan
ZBYZ;Bavannur
ZBZL;Zhalantun
ZGCD;Changde
ZGCJ;Huaihua
ZGGG;Guangzhou (Huadu)
ZGHA;Changsha
ZGHC;Hechi (Jinchengjiang)
ZGKL;Guilin (Lingui)
ZGLG;Yongzhou
ZGNN;Nanning (Jiangnan)
ZGOW;Jieyang (Rongcheng)
ZGSD;Zhuhai (Jinwan)
ZGSY;Shaoyang
ZGSZ;Shenzhen (Bao'an)
ZGYL;Yùlín
ZGZH;Liuzhou (Liujiang)
ZGZJ;Zhanjiang (Xiashan)
ZHCC;Zhengzhou
ZHGH;Xiangyang
ZHHH;Wuhan
ZHJZ;Jingzhou
ZHLY;Luoyang
ZHSN;Shennongjia
ZHSY;Shiyan
ZHXF;Xiangyang
ZHYC;Yichang
ZHZH;Herschel Island (Yukon Territory)
ZJHK;Haikou (Meilan)
ZJQH;Qionghai
ZJSY;Sanya (Tianya)
ZKPY;Pyongyang
ZKSC;Sunchon
ZKSD;Sŏndŏng-ni
ZKWS;Wonsan
ZLDH;Dunhuang
ZLGM;Golmud
ZLGY;Guyuan
ZLHX;Mengnai
ZLIC;Yinchuan
ZLJN;Jining
ZLLL;Lanzhou
ZLLN;Longnan
ZLQY;Qingyang
ZLSN;Xi'an
ZLXH;Xiahe
ZLXN;Xining
ZLXY;Xi'an
ZLZW;Zhongwei
ZMAH;Arvaikheer
ZMAT;Altai
ZMBH;Bayankhongor
ZMBN;Bulgan
ZMCK;Ulaanbaatar (Sergelen)
ZMDZ;Dalanzadgad
ZMKD;Khovd
ZMMN;Mörön
ZMUB;Ulaanbaatar
ZPCW;Cangyuan Va Autonomous County
ZPDL;Dali (Xiaguan)
ZPDQ;Shangri-La
ZPJH;Jinghong (Gasa)
ZPJM;Lancang Lahu Autonomous County
ZPLJ;Lijiang
ZPLX;Mangshi
ZPPP;Kunming
ZSAM;Xiamen
ZSAQ;Anqing
ZSBB;Bengbu
ZSCN;Nanchang
ZSFY;Yingzhou
ZSFZ;Fuzhou
ZSHC;Hangzhou
ZSJD;Jingdezhen
ZSJN;Jinan
ZSJU;Quzhou
ZSLD;Longyan
ZSLQ;Huangyan
ZSNB;Ningbo
ZSNJ;Nanjing
ZSOF;Hefei
ZSPD;Shanghai (Pudong)
ZSQZ;Quanzhou
ZSRG;Rugao
ZSRZ;Rizhao
ZSSS;Shanghai (Minhang)
ZSSZ;Suzhou
ZSTX;Huangshan
ZSWA;Wuhu
ZSWF;Weifang
ZSWH;Weihai
ZSWX;Wuxi
ZSWY;Wuyishan
ZSWZ;Wenzhou
ZSXZ;Xuzhou
ZSYA;Yangzhou
ZSYC;Yichun
ZSYW;Yiwu
ZUAL;Shiquanhe
ZUAS;Xixiu
ZUBD;Bangda
ZUBJ;Bijie
ZUCK;Chongqing
ZUDC;Daocheng County
ZUGU;Guangyuan
ZUGY;Guiyang
ZUJZ;Jiuzhaigou
ZUKD;Kangding
ZUKJ;Huangping
ZULS;Lhasa
ZULZ;Yunlong
ZUMT;Zunyi
ZUMY;Mianyang
ZUNP;Liping
ZUNZ;Nyingchi
ZUPS;Liupanshui
ZUTC;Tengchong
ZUTF;Jianyang
ZUUU;Chengdu
ZUWL;Wulong
ZUXC;Xichang
ZUYI;Xingyi
ZUZY;Zunyi
ZWAK;Aksu (Onsu)
ZWAX;Bole
ZWCM;Qiemo
ZWFY;Fuyun
ZWHM;Hami
ZWKL;Korla
ZWKN;Burqin
ZWNL;Xinyuan
ZWRQ;Ruoqiang Town
ZWSC;Shache
ZWSH;Kashgar
ZWSS;Shanshan
ZWTN;Hotan
ZWTP;Turpan
ZWWW;Ürümqi
ZYAS;Anshan
ZYCC;Changchun
ZYCH;Changhai
ZYCY;Shuangta
ZYDU;Heihe
ZYFY;Fuyuan
ZYHB;Harbin
ZYHE;Heihe
ZYJM;Jiamusi
ZYJS;Jiansanjiang
ZYJX;Jixi
ZYLD;Yichun
ZYLS;Yushu
ZYMD;Mudanjiang
ZYMH;Mohe
ZYQQ;Qiqihar
ZYSQ;Qian Gorlos Mongol Autonomous County
ZYTL;Ganjingzi
ZYTN;Tonghua
ZYTX;Hunnan
ZYYJ;Yanji
ZYYK;Laobian
ZYYY;Dadong
